id,type,category,name,ui01_asset,ui02_asset,master_asset,visual_brief,status
"SRC_001_Smartphone_Earpiece","SOURCE","Phones / Telephony","Smartphone Earpiece","UI_01/SOURCE/SRC_001_Smartphone_Earpiece.png","UI_02/SOURCE/SRC_001_Smartphone_Earpiece.png","Shared/SOURCE/SRC_001_Smartphone_Earpiece.png","Isolated generic Smartphone Earpiece source device, no brand marks, product-thumbnail composition, immediately readable to audio-post users.","art-approved-v2"
"SRC_002_Smartphone_Bottom_Speaker","SOURCE","Phones / Telephony","Smartphone Bottom Speaker","UI_01/SOURCE/SRC_002_Smartphone_Bottom_Speaker.png","UI_02/SOURCE/SRC_002_Smartphone_Bottom_Speaker.png","Shared/SOURCE/SRC_002_Smartphone_Bottom_Speaker.png","Isolated generic Smartphone Bottom Speaker source device, no brand marks, product-thumbnail composition, immediately readable to audio-post users.","art-approved-v2"
"SRC_003_Smartphone_Speakerphone","SOURCE","Phones / Telephony","Smartphone Speakerphone","UI_01/SOURCE/SRC_003_Smartphone_Speakerphone.png","UI_02/SOURCE/SRC_003_Smartphone_Speakerphone.png","Shared/SOURCE/SRC_003_Smartphone_Speakerphone.png","Isolated generic Smartphone Speakerphone source device, no brand marks, product-thumbnail composition, immediately readable to audio-post users.","art-approved-v2"
"SRC_004_Feature_Phone","SOURCE","Phones / Telephony","Feature Phone","UI_01/SOURCE/SRC_004_Feature_Phone.png","UI_02/SOURCE/SRC_004_Feature_Phone.png","Shared/SOURCE/SRC_004_Feature_Phone.png","Isolated generic Feature Phone source device, no brand marks, product-thumbnail composition, immediately readable to audio-post users.","art-approved-v2"
"SRC_005_Cordless_Home_Phone","SOURCE","Phones / Telephony","Cordless Home Phone","UI_01/SOURCE/SRC_005_Cordless_Home_Phone.png","UI_02/SOURCE/SRC_005_Cordless_Home_Phone.png","Shared/SOURCE/SRC_005_Cordless_Home_Phone.png","Isolated generic Cordless Home Phone source device, no brand marks, product-thumbnail composition, immediately readable to audio-post users.","art-approved-v2"
"SRC_006_Office_Desk_Phone","SOURCE","Phones / Telephony","Office Desk Phone","UI_01/SOURCE/SRC_006_Office_Desk_Phone.png","UI_02/SOURCE/SRC_006_Office_Desk_Phone.png","Shared/SOURCE/SRC_006_Office_Desk_Phone.png","Isolated generic Office Desk Phone source device, no brand marks, product-thumbnail composition, immediately readable to audio-post users.","art-approved-v2"
"SRC_007_Vintage_Rotary_Phone","SOURCE","Phones / Telephony","Vintage Rotary Phone","UI_01/SOURCE/SRC_007_Vintage_Rotary_Phone.png","UI_02/SOURCE/SRC_007_Vintage_Rotary_Phone.png","Shared/SOURCE/SRC_007_Vintage_Rotary_Phone.png","Isolated generic Vintage Rotary Phone source device, no brand marks, product-thumbnail composition, immediately readable to audio-post users.","art-approved-v2"
"SRC_008_Hotel_Room_Phone","SOURCE","Phones / Telephony","Hotel Room Phone","UI_01/SOURCE/SRC_008_Hotel_Room_Phone.png","UI_02/SOURCE/SRC_008_Hotel_Room_Phone.png","Shared/SOURCE/SRC_008_Hotel_Room_Phone.png","Isolated generic Hotel Room Phone source device, no brand marks, product-thumbnail composition, immediately readable to audio-post users.","art-approved-v2"
"SRC_009_Public_Payphone","SOURCE","Phones / Telephony","Public Payphone","UI_01/SOURCE/SRC_009_Public_Payphone.png","UI_02/SOURCE/SRC_009_Public_Payphone.png","Shared/SOURCE/SRC_009_Public_Payphone.png","Isolated generic Public Payphone source device, no brand marks, product-thumbnail composition, immediately readable to audio-post users.","art-approved-v2"
"SRC_010_Conference_Speakerphone_Unit","SOURCE","Phones / Telephony","Conference Speakerphone Unit","UI_01/SOURCE/SRC_010_Conference_Speakerphone_Unit.png","UI_02/SOURCE/SRC_010_Conference_Speakerphone_Unit.png","Shared/SOURCE/SRC_010_Conference_Speakerphone_Unit.png","Isolated generic Conference Speakerphone Unit source device, no brand marks, product-thumbnail composition, immediately readable to audio-post users.","art-approved-v2"
"SRC_011_Walkie_Talkie","SOURCE","Radios / Communication","Walkie-Talkie","UI_01/SOURCE/SRC_011_Walkie_Talkie.png","UI_02/SOURCE/SRC_011_Walkie_Talkie.png","Shared/SOURCE/SRC_011_Walkie_Talkie.png","Isolated generic Walkie-Talkie source device, no brand marks, product-thumbnail composition, immediately readable to audio-post users.","art-approved-v2"
"SRC_012_Police_Handheld_Radio","SOURCE","Radios / Communication","Police Handheld Radio","UI_01/SOURCE/SRC_012_Police_Handheld_Radio.png","UI_02/SOURCE/SRC_012_Police_Handheld_Radio.png","Shared/SOURCE/SRC_012_Police_Handheld_Radio.png","Isolated generic Police Handheld Radio source device, no brand marks, product-thumbnail composition, immediately readable to audio-post users.","art-approved-v2"
"SRC_013_Dispatch_Base_Radio","SOURCE","Radios / Communication","Dispatch Base Radio","UI_01/SOURCE/SRC_013_Dispatch_Base_Radio.png","UI_02/SOURCE/SRC_013_Dispatch_Base_Radio.png","Shared/SOURCE/SRC_013_Dispatch_Base_Radio.png","Isolated generic Dispatch Base Radio source device, no brand marks, product-thumbnail composition, immediately readable to audio-post users.","art-approved-v2"
"SRC_014_Security_Intercom","SOURCE","Radios / Communication","Security Intercom","UI_01/SOURCE/SRC_014_Security_Intercom.png","UI_02/SOURCE/SRC_014_Security_Intercom.png","Shared/SOURCE/SRC_014_Security_Intercom.png","Isolated generic Security Intercom source device, no brand marks, product-thumbnail composition, immediately readable to audio-post users.","art-approved-v2"
"SRC_015_Building_Entry_Intercom","SOURCE","Radios / Communication","Building Entry Intercom","UI_01/SOURCE/SRC_015_Building_Entry_Intercom.png","UI_02/SOURCE/SRC_015_Building_Entry_Intercom.png","Shared/SOURCE/SRC_015_Building_Entry_Intercom.png","Isolated generic Building Entry Intercom source device, no brand marks, product-thumbnail composition, immediately readable to audio-post users.","art-approved-v2"
"SRC_016_Drive_Thru_Speaker_Box","SOURCE","Radios / Communication","Drive-Thru Speaker Box","UI_01/SOURCE/SRC_016_Drive_Thru_Speaker_Box.png","UI_02/SOURCE/SRC_016_Drive_Thru_Speaker_Box.png","Shared/SOURCE/SRC_016_Drive_Thru_Speaker_Box.png","Isolated generic Drive-Thru Speaker Box source device, no brand marks, product-thumbnail composition, immediately readable to audio-post users.","art-approved-v2"
"SRC_017_Aviation_Headset","SOURCE","Radios / Communication","Aviation Headset","UI_01/SOURCE/SRC_017_Aviation_Headset.png","UI_02/SOURCE/SRC_017_Aviation_Headset.png","Shared/SOURCE/SRC_017_Aviation_Headset.png","Isolated generic Aviation Headset source device, no brand marks, product-thumbnail composition, immediately readable to audio-post users.","art-approved-v2"
"SRC_018_Helicopter_Intercom_Pack","SOURCE","Radios / Communication","Helicopter Intercom Pack","UI_01/SOURCE/SRC_018_Helicopter_Intercom_Pack.png","UI_02/SOURCE/SRC_018_Helicopter_Intercom_Pack.png","Shared/SOURCE/SRC_018_Helicopter_Intercom_Pack.png","Isolated generic Helicopter Intercom Pack source device, no brand marks, product-thumbnail composition, immediately readable to audio-post users.","art-approved-v2"
"SRC_019_Military_Field_Radio","SOURCE","Radios / Communication","Military Field Radio","UI_01/SOURCE/SRC_019_Military_Field_Radio.png","UI_02/SOURCE/SRC_019_Military_Field_Radio.png","Shared/SOURCE/SRC_019_Military_Field_Radio.png","Isolated generic Military Field Radio source device, no brand marks, product-thumbnail composition, immediately readable to audio-post users.","art-approved-v2"
"SRC_020_Portable_Comms_Unit","SOURCE","Radios / Communication","Portable Comms Unit","UI_01/SOURCE/SRC_020_Portable_Comms_Unit.png","UI_02/SOURCE/SRC_020_Portable_Comms_Unit.png","Shared/SOURCE/SRC_020_Portable_Comms_Unit.png","Isolated generic Portable Comms Unit source device, no brand marks, product-thumbnail composition, immediately readable to audio-post users.","art-approved-v2"
"SRC_021_CRT_Television","SOURCE","TV / Consumer Playback","CRT Television","UI_01/SOURCE/SRC_021_CRT_Television.png","UI_02/SOURCE/SRC_021_CRT_Television.png","Shared/SOURCE/SRC_021_CRT_Television.png","Isolated generic CRT Television source device, no brand marks, product-thumbnail composition, immediately readable to audio-post users.","art-approved-v2"
"SRC_022_Flat_TV_Speaker","SOURCE","TV / Consumer Playback","Flat TV Speaker","UI_01/SOURCE/SRC_022_Flat_TV_Speaker.png","UI_02/SOURCE/SRC_022_Flat_TV_Speaker.png","Shared/SOURCE/SRC_022_Flat_TV_Speaker.png","Isolated generic Flat TV Speaker source device, no brand marks, product-thumbnail composition, immediately readable to audio-post users.","art-approved-v2"
"SRC_023_Kitchen_Radio","SOURCE","TV / Consumer Playback","Kitchen Radio","UI_01/SOURCE/SRC_023_Kitchen_Radio.png","UI_02/SOURCE/SRC_023_Kitchen_Radio.png","Shared/SOURCE/SRC_023_Kitchen_Radio.png","Isolated generic Kitchen Radio source device, no brand marks, product-thumbnail composition, immediately readable to audio-post users.","art-approved-v2"
"SRC_024_Clock_Radio","SOURCE","TV / Consumer Playback","Clock Radio","UI_01/SOURCE/SRC_024_Clock_Radio.png","UI_02/SOURCE/SRC_024_Clock_Radio.png","Shared/SOURCE/SRC_024_Clock_Radio.png","Isolated generic Clock Radio source device, no brand marks, product-thumbnail composition, immediately readable to audio-post users.","art-approved-v2"
"SRC_025_Pocket_Transistor_Radio","SOURCE","TV / Consumer Playback","Pocket Transistor Radio","UI_01/SOURCE/SRC_025_Pocket_Transistor_Radio.png","UI_02/SOURCE/SRC_025_Pocket_Transistor_Radio.png","Shared/SOURCE/SRC_025_Pocket_Transistor_Radio.png","Isolated generic Pocket Transistor Radio source device, no brand marks, product-thumbnail composition, immediately readable to audio-post users.","art-approved-v2"
"SRC_026_Boombox","SOURCE","TV / Consumer Playback","Boombox","UI_01/SOURCE/SRC_026_Boombox.png","UI_02/SOURCE/SRC_026_Boombox.png","Shared/SOURCE/SRC_026_Boombox.png","Isolated generic Boombox source device, no brand marks, product-thumbnail composition, immediately readable to audio-post users.","art-approved-v2"
"SRC_027_Laptop_Speakers","SOURCE","TV / Consumer Playback","Laptop Speakers","UI_01/SOURCE/SRC_027_Laptop_Speakers.png","UI_02/SOURCE/SRC_027_Laptop_Speakers.png","Shared/SOURCE/SRC_027_Laptop_Speakers.png","Isolated generic Laptop Speakers source device, no brand marks, product-thumbnail composition, immediately readable to audio-post users.","art-approved-v2"
"SRC_028_Tablet_Speaker","SOURCE","TV / Consumer Playback","Tablet Speaker","UI_01/SOURCE/SRC_028_Tablet_Speaker.png","UI_02/SOURCE/SRC_028_Tablet_Speaker.png","Shared/SOURCE/SRC_028_Tablet_Speaker.png","Isolated generic Tablet Speaker source device, no brand marks, product-thumbnail composition, immediately readable to audio-post users.","art-approved-v2"
"SRC_029_Desktop_Monitor_Speaker","SOURCE","TV / Consumer Playback","Desktop Monitor Speaker","UI_01/SOURCE/SRC_029_Desktop_Monitor_Speaker.png","UI_02/SOURCE/SRC_029_Desktop_Monitor_Speaker.png","Shared/SOURCE/SRC_029_Desktop_Monitor_Speaker.png","Isolated generic Desktop Monitor Speaker source device, no brand marks, product-thumbnail composition, immediately readable to audio-post users.","art-approved-v2"
"SRC_030_Smart_Speaker","SOURCE","TV / Consumer Playback","Smart Speaker","UI_01/SOURCE/SRC_030_Smart_Speaker.png","UI_02/SOURCE/SRC_030_Smart_Speaker.png","Shared/SOURCE/SRC_030_Smart_Speaker.png","Isolated generic Smart Speaker source device, no brand marks, product-thumbnail composition, immediately readable to audio-post users.","art-approved-v2"
"SRC_031_Car_Dashboard_Speaker","SOURCE","Vehicle / PA","Car Dashboard Speaker","UI_01/SOURCE/SRC_031_Car_Dashboard_Speaker.png","UI_02/SOURCE/SRC_031_Car_Dashboard_Speaker.png","Shared/SOURCE/SRC_031_Car_Dashboard_Speaker.png","Isolated generic Car Dashboard Speaker source device, no brand marks, product-thumbnail composition, immediately readable to audio-post users.","art-approved-v2"
"SRC_032_Car_Door_Speaker","SOURCE","Vehicle / PA","Car Door Speaker","UI_01/SOURCE/SRC_032_Car_Door_Speaker.png","UI_02/SOURCE/SRC_032_Car_Door_Speaker.png","Shared/SOURCE/SRC_032_Car_Door_Speaker.png","Isolated generic Car Door Speaker source device, no brand marks, product-thumbnail composition, immediately readable to audio-post users.","art-approved-v2"
"SRC_033_Truck_Cab_Radio","SOURCE","Vehicle / PA","Truck Cab Radio","UI_01/SOURCE/SRC_033_Truck_Cab_Radio.png","UI_02/SOURCE/SRC_033_Truck_Cab_Radio.png","Shared/SOURCE/SRC_033_Truck_Cab_Radio.png","Isolated generic Truck Cab Radio source device, no brand marks, product-thumbnail composition, immediately readable to audio-post users.","art-approved-v2"
"SRC_034_Bus_PA_Speaker","SOURCE","Vehicle / PA","Bus PA Speaker","UI_01/SOURCE/SRC_034_Bus_PA_Speaker.png","UI_02/SOURCE/SRC_034_Bus_PA_Speaker.png","Shared/SOURCE/SRC_034_Bus_PA_Speaker.png","Isolated generic Bus PA Speaker source device, no brand marks, product-thumbnail composition, immediately readable to audio-post users.","art-approved-v2"
"SRC_035_Train_Cabin_Speaker","SOURCE","Vehicle / PA","Train Cabin Speaker","UI_01/SOURCE/SRC_035_Train_Cabin_Speaker.png","UI_02/SOURCE/SRC_035_Train_Cabin_Speaker.png","Shared/SOURCE/SRC_035_Train_Cabin_Speaker.png","Isolated generic Train Cabin Speaker source device, no brand marks, product-thumbnail composition, immediately readable to audio-post users.","art-approved-v2"
"SRC_036_Airplane_Cabin_PA","SOURCE","Vehicle / PA","Airplane Cabin PA","UI_01/SOURCE/SRC_036_Airplane_Cabin_PA.png","UI_02/SOURCE/SRC_036_Airplane_Cabin_PA.png","Shared/SOURCE/SRC_036_Airplane_Cabin_PA.png","Isolated generic Airplane Cabin PA source device, no brand marks, product-thumbnail composition, immediately readable to audio-post users.","art-approved-v2"
"SRC_037_Ceiling_PA_Speaker","SOURCE","Vehicle / PA","Ceiling PA Speaker","UI_01/SOURCE/SRC_037_Ceiling_PA_Speaker.png","UI_02/SOURCE/SRC_037_Ceiling_PA_Speaker.png","Shared/SOURCE/SRC_037_Ceiling_PA_Speaker.png","Isolated generic Ceiling PA Speaker source device, no brand marks, product-thumbnail composition, immediately readable to audio-post users.","art-approved-v2"
"SRC_038_Wall_Mounted_PA_Horn","SOURCE","Vehicle / PA","Wall-Mounted PA Horn","UI_01/SOURCE/SRC_038_Wall_Mounted_PA_Horn.png","UI_02/SOURCE/SRC_038_Wall_Mounted_PA_Horn.png","Shared/SOURCE/SRC_038_Wall_Mounted_PA_Horn.png","Isolated generic Wall-Mounted PA Horn source device, no brand marks, product-thumbnail composition, immediately readable to audio-post users.","art-approved-v2"
"SRC_039_Stadium_PA_Horn","SOURCE","Vehicle / PA","Stadium PA Horn","UI_01/SOURCE/SRC_039_Stadium_PA_Horn.png","UI_02/SOURCE/SRC_039_Stadium_PA_Horn.png","Shared/SOURCE/SRC_039_Stadium_PA_Horn.png","Isolated generic Stadium PA Horn source device, no brand marks, product-thumbnail composition, immediately readable to audio-post users.","art-approved-v2"
"SRC_040_Bullhorn_Megaphone","SOURCE","Vehicle / PA","Bullhorn / Megaphone","UI_01/SOURCE/SRC_040_Bullhorn_Megaphone.png","UI_02/SOURCE/SRC_040_Bullhorn_Megaphone.png","Shared/SOURCE/SRC_040_Bullhorn_Megaphone.png","Isolated generic Bullhorn / Megaphone source device, no brand marks, product-thumbnail composition, immediately readable to audio-post users.","art-approved-v2"
"SRC_041_Cassette_Recorder","SOURCE","Recorders / Toys / Lo-Fi","Cassette Recorder","UI_01/SOURCE/SRC_041_Cassette_Recorder.png","UI_02/SOURCE/SRC_041_Cassette_Recorder.png","Shared/SOURCE/SRC_041_Cassette_Recorder.png","Isolated generic Cassette Recorder source device, no brand marks, product-thumbnail composition, immediately readable to audio-post users.","art-approved-v2"
"SRC_042_Microcassette_Recorder","SOURCE","Recorders / Toys / Lo-Fi","Microcassette Recorder","UI_01/SOURCE/SRC_042_Microcassette_Recorder.png","UI_02/SOURCE/SRC_042_Microcassette_Recorder.png","Shared/SOURCE/SRC_042_Microcassette_Recorder.png","Isolated generic Microcassette Recorder source device, no brand marks, product-thumbnail composition, immediately readable to audio-post users.","art-approved-v2"
"SRC_043_Dictaphone","SOURCE","Recorders / Toys / Lo-Fi","Dictaphone","UI_01/SOURCE/SRC_043_Dictaphone.png","UI_02/SOURCE/SRC_043_Dictaphone.png","Shared/SOURCE/SRC_043_Dictaphone.png","Isolated generic Dictaphone source device, no brand marks, product-thumbnail composition, immediately readable to audio-post users.","art-approved-v2"
"SRC_044_Answering_Machine","SOURCE","Recorders / Toys / Lo-Fi","Answering Machine","UI_01/SOURCE/SRC_044_Answering_Machine.png","UI_02/SOURCE/SRC_044_Answering_Machine.png","Shared/SOURCE/SRC_044_Answering_Machine.png","Isolated generic Answering Machine source device, no brand marks, product-thumbnail composition, immediately readable to audio-post users.","art-approved-v2"
"SRC_045_Toy_Recorder","SOURCE","Recorders / Toys / Lo-Fi","Toy Recorder","UI_01/SOURCE/SRC_045_Toy_Recorder.png","UI_02/SOURCE/SRC_045_Toy_Recorder.png","Shared/SOURCE/SRC_045_Toy_Recorder.png","Isolated generic Toy Recorder source device, no brand marks, product-thumbnail composition, immediately readable to audio-post users.","art-approved-v2"
"SRC_046_Toy_Megaphone","SOURCE","Recorders / Toys / Lo-Fi","Toy Megaphone","UI_01/SOURCE/SRC_046_Toy_Megaphone.png","UI_02/SOURCE/SRC_046_Toy_Megaphone.png","Shared/SOURCE/SRC_046_Toy_Megaphone.png","Isolated generic Toy Megaphone source device, no brand marks, product-thumbnail composition, immediately readable to audio-post users.","art-approved-v2"
"SRC_047_Cheap_Voice_Recorder","SOURCE","Recorders / Toys / Lo-Fi","Cheap Voice Recorder","UI_01/SOURCE/SRC_047_Cheap_Voice_Recorder.png","UI_02/SOURCE/SRC_047_Cheap_Voice_Recorder.png","Shared/SOURCE/SRC_047_Cheap_Voice_Recorder.png","Isolated generic Cheap Voice Recorder source device, no brand marks, product-thumbnail composition, immediately readable to audio-post users.","art-approved-v2"
"SRC_048_Baby_Monitor","SOURCE","Recorders / Toys / Lo-Fi","Baby Monitor","UI_01/SOURCE/SRC_048_Baby_Monitor.png","UI_02/SOURCE/SRC_048_Baby_Monitor.png","Shared/SOURCE/SRC_048_Baby_Monitor.png","Isolated generic Baby Monitor source device, no brand marks, product-thumbnail composition, immediately readable to audio-post users.","art-approved-v2"
"SRC_049_Portable_DVD_Media_Player","SOURCE","Recorders / Toys / Lo-Fi","Portable DVD / Media Player","UI_01/SOURCE/SRC_049_Portable_DVD_Media_Player.png","UI_02/SOURCE/SRC_049_Portable_DVD_Media_Player.png","Shared/SOURCE/SRC_049_Portable_DVD_Media_Player.png","Isolated generic Portable DVD / Media Player source device, no brand marks, product-thumbnail composition, immediately readable to audio-post users.","art-approved-v2"
"SRC_050_Small_Portable_Wireless_Speaker","SOURCE","Recorders / Toys / Lo-Fi","Small Portable Wireless Speaker","UI_01/SOURCE/SRC_050_Small_Portable_Wireless_Speaker.png","UI_02/SOURCE/SRC_050_Small_Portable_Wireless_Speaker.png","Shared/SOURCE/SRC_050_Small_Portable_Wireless_Speaker.png","Isolated generic Small Portable Wireless Speaker source device, no brand marks, product-thumbnail composition, immediately readable to audio-post users.","art-approved-v2"
"SRC_051_Game_Console_Speaker","SOURCE","Recorders / Toys / Lo-Fi","Game Console Speaker","UI_01/SOURCE/SRC_051_Game_Console_Speaker.png","UI_02/SOURCE/SRC_051_Game_Console_Speaker.png","Shared/SOURCE/SRC_051_Game_Console_Speaker.png","Isolated generic Game Console Speaker source device, no brand marks, product-thumbnail composition, immediately readable to audio-post users.","art-approved-v2"
"SRC_052_Cheap_Earbuds_Leakage","SOURCE","Recorders / Toys / Lo-Fi","Cheap Earbuds Leakage","UI_01/SOURCE/SRC_052_Cheap_Earbuds_Leakage.png","UI_02/SOURCE/SRC_052_Cheap_Earbuds_Leakage.png","Shared/SOURCE/SRC_052_Cheap_Earbuds_Leakage.png","Isolated generic Cheap Earbuds Leakage source device, no brand marks, product-thumbnail composition, immediately readable to audio-post users.","art-approved-v2"
"SRC_053_Small_Guitar_Combo_Amp","SOURCE","Amp / Vintage / Special","Small Guitar Combo Amp","UI_01/SOURCE/SRC_053_Small_Guitar_Combo_Amp.png","UI_02/SOURCE/SRC_053_Small_Guitar_Combo_Amp.png","Shared/SOURCE/SRC_053_Small_Guitar_Combo_Amp.png","Isolated generic Small Guitar Combo Amp source device, no brand marks, product-thumbnail composition, immediately readable to audio-post users.","art-approved-v2"
"SRC_054_Practice_Amp","SOURCE","Amp / Vintage / Special","Practice Amp","UI_01/SOURCE/SRC_054_Practice_Amp.png","UI_02/SOURCE/SRC_054_Practice_Amp.png","Shared/SOURCE/SRC_054_Practice_Amp.png","Isolated generic Practice Amp source device, no brand marks, product-thumbnail composition, immediately readable to audio-post users.","art-approved-v2"
"SRC_055_Gramophone_Horn","SOURCE","Amp / Vintage / Special","Gramophone Horn","UI_01/SOURCE/SRC_055_Gramophone_Horn.png","UI_02/SOURCE/SRC_055_Gramophone_Horn.png","Shared/SOURCE/SRC_055_Gramophone_Horn.png","Isolated generic Gramophone Horn source device, no brand marks, product-thumbnail composition, immediately readable to audio-post users.","art-approved-v2"
"SRC_056_Phonograph_Box","SOURCE","Amp / Vintage / Special","Phonograph Box","UI_01/SOURCE/SRC_056_Phonograph_Box.png","UI_02/SOURCE/SRC_056_Phonograph_Box.png","Shared/SOURCE/SRC_056_Phonograph_Box.png","Isolated generic Phonograph Box source device, no brand marks, product-thumbnail composition, immediately readable to audio-post users.","art-approved-v2"
"SRC_057_Portable_Karaoke_Speaker","SOURCE","Amp / Vintage / Special","Portable Karaoke Speaker","UI_01/SOURCE/SRC_057_Portable_Karaoke_Speaker.png","UI_02/SOURCE/SRC_057_Portable_Karaoke_Speaker.png","Shared/SOURCE/SRC_057_Portable_Karaoke_Speaker.png","Isolated generic Portable Karaoke Speaker source device, no brand marks, product-thumbnail composition, immediately readable to audio-post users.","art-approved-v2"
"SRC_058_Portable_PA_Column","SOURCE","Amp / Vintage / Special","Portable PA Column","UI_01/SOURCE/SRC_058_Portable_PA_Column.png","UI_02/SOURCE/SRC_058_Portable_PA_Column.png","Shared/SOURCE/SRC_058_Portable_PA_Column.png","Isolated generic Portable PA Column source device, no brand marks, product-thumbnail composition, immediately readable to audio-post users.","art-approved-v2"
"SRC_059_Old_Public_Announcement_Box","SOURCE","Amp / Vintage / Special","Old Public Announcement Box","UI_01/SOURCE/SRC_059_Old_Public_Announcement_Box.png","UI_02/SOURCE/SRC_059_Old_Public_Announcement_Box.png","Shared/SOURCE/SRC_059_Old_Public_Announcement_Box.png","Isolated generic Old Public Announcement Box source device, no brand marks, product-thumbnail composition, immediately readable to audio-post users.","art-approved-v2"
"SRC_060_Cabinet_Speaker_Small","SOURCE","Amp / Vintage / Special","Cabinet Speaker Small","UI_01/SOURCE/SRC_060_Cabinet_Speaker_Small.png","UI_02/SOURCE/SRC_060_Cabinet_Speaker_Small.png","Shared/SOURCE/SRC_060_Cabinet_Speaker_Small.png","Isolated generic Cabinet Speaker Small source device, no brand marks, product-thumbnail composition, immediately readable to audio-post users.","art-approved-v2"
"SRC_061_Cabinet_Speaker_Mid","SOURCE","Amp / Vintage / Special","Cabinet Speaker Mid","UI_01/SOURCE/SRC_061_Cabinet_Speaker_Mid.png","UI_02/SOURCE/SRC_061_Cabinet_Speaker_Mid.png","Shared/SOURCE/SRC_061_Cabinet_Speaker_Mid.png","Isolated generic Cabinet Speaker Mid source device, no brand marks, product-thumbnail composition, immediately readable to audio-post users.","art-approved-v2"
"SRC_062_Cabinet_Speaker_Large","SOURCE","Amp / Vintage / Special","Cabinet Speaker Large","UI_01/SOURCE/SRC_062_Cabinet_Speaker_Large.png","UI_02/SOURCE/SRC_062_Cabinet_Speaker_Large.png","Shared/SOURCE/SRC_062_Cabinet_Speaker_Large.png","Isolated generic Cabinet Speaker Large source device, no brand marks, product-thumbnail composition, immediately readable to audio-post users.","art-approved-v2"
"SRC_063_Helmet_Intercom_Speaker","SOURCE","Amp / Vintage / Special","Helmet Intercom Speaker","UI_01/SOURCE/SRC_063_Helmet_Intercom_Speaker.png","UI_02/SOURCE/SRC_063_Helmet_Intercom_Speaker.png","Shared/SOURCE/SRC_063_Helmet_Intercom_Speaker.png","Isolated generic Helmet Intercom Speaker source device, no brand marks, product-thumbnail composition, immediately readable to audio-post users.","art-approved-v2"
"SRC_064_Hidden_Pocket_Bag_Speaker","SOURCE","Amp / Vintage / Special","Hidden Pocket / Bag Speaker","UI_01/SOURCE/SRC_064_Hidden_Pocket_Bag_Speaker.png","UI_02/SOURCE/SRC_064_Hidden_Pocket_Bag_Speaker.png","Shared/SOURCE/SRC_064_Hidden_Pocket_Bag_Speaker.png","Isolated generic Hidden Pocket / Bag Speaker source device, no brand marks, product-thumbnail composition, immediately readable to audio-post users.","art-approved-v2"
"TRN_001_Direct_Clean","TRANSMISSION","Direct / Clean","Direct Clean","UI_01/TRANSMISSION/TRN_001_Direct_Clean.png","UI_02/TRANSMISSION/TRN_001_Direct_Clean.png","Shared/TRANSMISSION/TRN_001_Direct_Clean.png","Abstract transmission-state thumbnail for Direct Clean: waveform/link/signal-quality metaphor, no carrier or brand logos.","art-approved-v2"
"TRN_002_Narrowband_Clean","TRANSMISSION","Direct / Clean","Narrowband Clean","UI_01/TRANSMISSION/TRN_002_Narrowband_Clean.png","UI_02/TRANSMISSION/TRN_002_Narrowband_Clean.png","Shared/TRANSMISSION/TRN_002_Narrowband_Clean.png","Abstract transmission-state thumbnail for Narrowband Clean: waveform/link/signal-quality metaphor, no carrier or brand logos.","art-approved-v2"
"TRN_003_PSTN_Landline","TRANSMISSION","Telephone / Cellular","PSTN Landline","UI_01/TRANSMISSION/TRN_003_PSTN_Landline.png","UI_02/TRANSMISSION/TRN_003_PSTN_Landline.png","Shared/TRANSMISSION/TRN_003_PSTN_Landline.png","Abstract transmission-state thumbnail for PSTN Landline: waveform/link/signal-quality metaphor, no carrier or brand logos.","art-approved-v2"
"TRN_004_Noisy_Analog_Line","TRANSMISSION","Telephone / Cellular","Noisy Analog Line","UI_01/TRANSMISSION/TRN_004_Noisy_Analog_Line.png","UI_02/TRANSMISSION/TRN_004_Noisy_Analog_Line.png","Shared/TRANSMISSION/TRN_004_Noisy_Analog_Line.png","Abstract transmission-state thumbnail for Noisy Analog Line: waveform/link/signal-quality metaphor, no carrier or brand logos.","art-approved-v2"
"TRN_005_GSM_Stable","TRANSMISSION","Telephone / Cellular","GSM Stable","UI_01/TRANSMISSION/TRN_005_GSM_Stable.png","UI_02/TRANSMISSION/TRN_005_GSM_Stable.png","Shared/TRANSMISSION/TRN_005_GSM_Stable.png","Abstract transmission-state thumbnail for GSM Stable: waveform/link/signal-quality metaphor, no carrier or brand logos.","art-approved-v2"
"TRN_006_GSM_Weak","TRANSMISSION","Telephone / Cellular","GSM Weak","UI_01/TRANSMISSION/TRN_006_GSM_Weak.png","UI_02/TRANSMISSION/TRN_006_GSM_Weak.png","Shared/TRANSMISSION/TRN_006_GSM_Weak.png","Abstract transmission-state thumbnail for GSM Weak: waveform/link/signal-quality metaphor, no carrier or brand logos.","art-approved-v2"
"TRN_007_3G_Cellular","TRANSMISSION","Telephone / Cellular","3G Cellular","UI_01/TRANSMISSION/TRN_007_3G_Cellular.png","UI_02/TRANSMISSION/TRN_007_3G_Cellular.png","Shared/TRANSMISSION/TRN_007_3G_Cellular.png","Abstract transmission-state thumbnail for 3G Cellular: waveform/link/signal-quality metaphor, no carrier or brand logos.","art-approved-v2"
"TRN_008_4G_VoLTE","TRANSMISSION","Telephone / Cellular","4G / VoLTE","UI_01/TRANSMISSION/TRN_008_4G_VoLTE.png","UI_02/TRANSMISSION/TRN_008_4G_VoLTE.png","Shared/TRANSMISSION/TRN_008_4G_VoLTE.png","Abstract transmission-state thumbnail for 4G / VoLTE: waveform/link/signal-quality metaphor, no carrier or brand logos.","art-approved-v2"
"TRN_009_VoIP_Clean","TRANSMISSION","Telephone / Cellular","VoIP Clean","UI_01/TRANSMISSION/TRN_009_VoIP_Clean.png","UI_02/TRANSMISSION/TRN_009_VoIP_Clean.png","Shared/TRANSMISSION/TRN_009_VoIP_Clean.png","Abstract transmission-state thumbnail for VoIP Clean: waveform/link/signal-quality metaphor, no carrier or brand logos.","art-approved-v2"
"TRN_010_VoIP_Unstable","TRANSMISSION","Telephone / Cellular","VoIP Unstable","UI_01/TRANSMISSION/TRN_010_VoIP_Unstable.png","UI_02/TRANSMISSION/TRN_010_VoIP_Unstable.png","Shared/TRANSMISSION/TRN_010_VoIP_Unstable.png","Abstract transmission-state thumbnail for VoIP Unstable: waveform/link/signal-quality metaphor, no carrier or brand logos.","art-approved-v2"
"TRN_011_Walkie_Narrowband","TRANSMISSION","Radio / Comms","Walkie Narrowband","UI_01/TRANSMISSION/TRN_011_Walkie_Narrowband.png","UI_02/TRANSMISSION/TRN_011_Walkie_Narrowband.png","Shared/TRANSMISSION/TRN_011_Walkie_Narrowband.png","Abstract transmission-state thumbnail for Walkie Narrowband: waveform/link/signal-quality metaphor, no carrier or brand logos.","art-approved-v2"
"TRN_012_Dispatch_Radio","TRANSMISSION","Radio / Comms","Dispatch Radio","UI_01/TRANSMISSION/TRN_012_Dispatch_Radio.png","UI_02/TRANSMISSION/TRN_012_Dispatch_Radio.png","Shared/TRANSMISSION/TRN_012_Dispatch_Radio.png","Abstract transmission-state thumbnail for Dispatch Radio: waveform/link/signal-quality metaphor, no carrier or brand logos.","art-approved-v2"
"TRN_013_Police_Radio","TRANSMISSION","Radio / Comms","Police Radio","UI_01/TRANSMISSION/TRN_013_Police_Radio.png","UI_02/TRANSMISSION/TRN_013_Police_Radio.png","Shared/TRANSMISSION/TRN_013_Police_Radio.png","Abstract transmission-state thumbnail for Police Radio: waveform/link/signal-quality metaphor, no carrier or brand logos.","art-approved-v2"
"TRN_014_Aviation_Comms","TRANSMISSION","Radio / Comms","Aviation Comms","UI_01/TRANSMISSION/TRN_014_Aviation_Comms.png","UI_02/TRANSMISSION/TRN_014_Aviation_Comms.png","Shared/TRANSMISSION/TRN_014_Aviation_Comms.png","Abstract transmission-state thumbnail for Aviation Comms: waveform/link/signal-quality metaphor, no carrier or brand logos.","art-approved-v2"
"TRN_015_Helicopter_Intercom","TRANSMISSION","Radio / Comms","Helicopter Intercom","UI_01/TRANSMISSION/TRN_015_Helicopter_Intercom.png","UI_02/TRANSMISSION/TRN_015_Helicopter_Intercom.png","Shared/TRANSMISSION/TRN_015_Helicopter_Intercom.png","Abstract transmission-state thumbnail for Helicopter Intercom: waveform/link/signal-quality metaphor, no carrier or brand logos.","art-approved-v2"
"TRN_016_Drive_Thru_Link","TRANSMISSION","Radio / Comms","Drive-Thru Link","UI_01/TRANSMISSION/TRN_016_Drive_Thru_Link.png","UI_02/TRANSMISSION/TRN_016_Drive_Thru_Link.png","Shared/TRANSMISSION/TRN_016_Drive_Thru_Link.png","Abstract transmission-state thumbnail for Drive-Thru Link: waveform/link/signal-quality metaphor, no carrier or brand logos.","art-approved-v2"
"TRN_017_Security_Intercom_Link","TRANSMISSION","Radio / Comms","Security Intercom Link","UI_01/TRANSMISSION/TRN_017_Security_Intercom_Link.png","UI_02/TRANSMISSION/TRN_017_Security_Intercom_Link.png","Shared/TRANSMISSION/TRN_017_Security_Intercom_Link.png","Abstract transmission-state thumbnail for Security Intercom Link: waveform/link/signal-quality metaphor, no carrier or brand logos.","art-approved-v2"
"TRN_018_AM_Radio","TRANSMISSION","Broadcast / Media","AM Radio","UI_01/TRANSMISSION/TRN_018_AM_Radio.png","UI_02/TRANSMISSION/TRN_018_AM_Radio.png","Shared/TRANSMISSION/TRN_018_AM_Radio.png","Abstract transmission-state thumbnail for AM Radio: waveform/link/signal-quality metaphor, no carrier or brand logos.","art-approved-v2"
"TRN_019_FM_Radio","TRANSMISSION","Broadcast / Media","FM Radio","UI_01/TRANSMISSION/TRN_019_FM_Radio.png","UI_02/TRANSMISSION/TRN_019_FM_Radio.png","Shared/TRANSMISSION/TRN_019_FM_Radio.png","Abstract transmission-state thumbnail for FM Radio: waveform/link/signal-quality metaphor, no carrier or brand logos.","art-approved-v2"
"TRN_020_TV_Broadcast","TRANSMISSION","Broadcast / Media","TV Broadcast","UI_01/TRANSMISSION/TRN_020_TV_Broadcast.png","UI_02/TRANSMISSION/TRN_020_TV_Broadcast.png","Shared/TRANSMISSION/TRN_020_TV_Broadcast.png","Abstract transmission-state thumbnail for TV Broadcast: waveform/link/signal-quality metaphor, no carrier or brand logos.","art-approved-v2"
"TRN_021_Streaming_Codec_Audio","TRANSMISSION","Broadcast / Media","Streaming / Codec Audio","UI_01/TRANSMISSION/TRN_021_Streaming_Codec_Audio.png","UI_02/TRANSMISSION/TRN_021_Streaming_Codec_Audio.png","Shared/TRANSMISSION/TRN_021_Streaming_Codec_Audio.png","Abstract transmission-state thumbnail for Streaming / Codec Audio: waveform/link/signal-quality metaphor, no carrier or brand logos.","art-approved-v2"
"TRN_022_Packet_Loss_Digital","TRANSMISSION","Failure / Degradation","Packet Loss Digital","UI_01/TRANSMISSION/TRN_022_Packet_Loss_Digital.png","UI_02/TRANSMISSION/TRN_022_Packet_Loss_Digital.png","Shared/TRANSMISSION/TRN_022_Packet_Loss_Digital.png","Abstract transmission-state thumbnail for Packet Loss Digital: waveform/link/signal-quality metaphor, no carrier or brand logos.","art-approved-v2"
"TRN_023_Signal_Dropout","TRANSMISSION","Failure / Degradation","Signal Dropout","UI_01/TRANSMISSION/TRN_023_Signal_Dropout.png","UI_02/TRANSMISSION/TRN_023_Signal_Dropout.png","Shared/TRANSMISSION/TRN_023_Signal_Dropout.png","Abstract transmission-state thumbnail for Signal Dropout: waveform/link/signal-quality metaphor, no carrier or brand logos.","art-approved-v2"
"TRN_024_Tuning_Out_of_Range_Search","TRANSMISSION","Failure / Degradation","Tuning / Out-of-Range Search","UI_01/TRANSMISSION/TRN_024_Tuning_Out_of_Range_Search.png","UI_02/TRANSMISSION/TRN_024_Tuning_Out_of_Range_Search.png","Shared/TRANSMISSION/TRN_024_Tuning_Out_of_Range_Search.png","Abstract transmission-state thumbnail for Tuning / Out-of-Range Search: waveform/link/signal-quality metaphor, no carrier or brand logos.","art-approved-v2"
"CVR_001_None_Open","WALL_COVER","Soft Covers","None / Open","UI_01/WALL_COVER/CVR_001_None_Open.png","UI_02/WALL_COVER/CVR_001_None_Open.png","Shared/WALL_COVER/CVR_001_None_Open.png","Generic None / Open material/cover shown as an acoustic obstruction, cinematic but functional thumbnail, no branded objects.","art-approved-v2"
"CVR_002_T_Shirt_Cloth","WALL_COVER","Soft Covers","T-Shirt Cloth","UI_01/WALL_COVER/CVR_002_T_Shirt_Cloth.png","UI_02/WALL_COVER/CVR_002_T_Shirt_Cloth.png","Shared/WALL_COVER/CVR_002_T_Shirt_Cloth.png","Generic T-Shirt Cloth material/cover shown as an acoustic obstruction, cinematic but functional thumbnail, no branded objects.","art-approved-v2"
"CVR_003_Thin_Blanket","WALL_COVER","Soft Covers","Thin Blanket","UI_01/WALL_COVER/CVR_003_Thin_Blanket.png","UI_02/WALL_COVER/CVR_003_Thin_Blanket.png","Shared/WALL_COVER/CVR_003_Thin_Blanket.png","Generic Thin Blanket material/cover shown as an acoustic obstruction, cinematic but functional thumbnail, no branded objects.","art-approved-v2"
"CVR_004_Thick_Blanket","WALL_COVER","Soft Covers","Thick Blanket","UI_01/WALL_COVER/CVR_004_Thick_Blanket.png","UI_02/WALL_COVER/CVR_004_Thick_Blanket.png","Shared/WALL_COVER/CVR_004_Thick_Blanket.png","Generic Thick Blanket material/cover shown as an acoustic obstruction, cinematic but functional thumbnail, no branded objects.","art-approved-v2"
"CVR_005_Pillow","WALL_COVER","Soft Covers","Pillow","UI_01/WALL_COVER/CVR_005_Pillow.png","UI_02/WALL_COVER/CVR_005_Pillow.png","Shared/WALL_COVER/CVR_005_Pillow.png","Generic Pillow material/cover shown as an acoustic obstruction, cinematic but functional thumbnail, no branded objects.","art-approved-v2"
"CVR_006_Bedsheet","WALL_COVER","Soft Covers","Bedsheet","UI_01/WALL_COVER/CVR_006_Bedsheet.png","UI_02/WALL_COVER/CVR_006_Bedsheet.png","Shared/WALL_COVER/CVR_006_Bedsheet.png","Generic Bedsheet material/cover shown as an acoustic obstruction, cinematic but functional thumbnail, no branded objects.","art-approved-v2"
"CVR_007_Curtain","WALL_COVER","Soft Covers","Curtain","UI_01/WALL_COVER/CVR_007_Curtain.png","UI_02/WALL_COVER/CVR_007_Curtain.png","Shared/WALL_COVER/CVR_007_Curtain.png","Generic Curtain material/cover shown as an acoustic obstruction, cinematic but functional thumbnail, no branded objects.","art-approved-v2"
"CVR_008_Inside_Pocket","WALL_COVER","Soft Covers","Inside Pocket","UI_01/WALL_COVER/CVR_008_Inside_Pocket.png","UI_02/WALL_COVER/CVR_008_Inside_Pocket.png","Shared/WALL_COVER/CVR_008_Inside_Pocket.png","Generic Inside Pocket material/cover shown as an acoustic obstruction, cinematic but functional thumbnail, no branded objects.","art-approved-v2"
"CVR_009_Cardboard_Box","WALL_COVER","Containers / Objects","Cardboard Box","UI_01/WALL_COVER/CVR_009_Cardboard_Box.png","UI_02/WALL_COVER/CVR_009_Cardboard_Box.png","Shared/WALL_COVER/CVR_009_Cardboard_Box.png","Generic Cardboard Box material/cover shown as an acoustic obstruction, cinematic but functional thumbnail, no branded objects.","art-approved-v2"
"CVR_010_Thick_Carton","WALL_COVER","Containers / Objects","Thick Carton","UI_01/WALL_COVER/CVR_010_Thick_Carton.png","UI_02/WALL_COVER/CVR_010_Thick_Carton.png","Shared/WALL_COVER/CVR_010_Thick_Carton.png","Generic Thick Carton material/cover shown as an acoustic obstruction, cinematic but functional thumbnail, no branded objects.","art-approved-v2"
"CVR_011_Paper_Bag","WALL_COVER","Containers / Objects","Paper Bag","UI_01/WALL_COVER/CVR_011_Paper_Bag.png","UI_02/WALL_COVER/CVR_011_Paper_Bag.png","Shared/WALL_COVER/CVR_011_Paper_Bag.png","Generic Paper Bag material/cover shown as an acoustic obstruction, cinematic but functional thumbnail, no branded objects.","art-approved-v2"
"CVR_012_Plastic_Bin","WALL_COVER","Containers / Objects","Plastic Bin","UI_01/WALL_COVER/CVR_012_Plastic_Bin.png","UI_02/WALL_COVER/CVR_012_Plastic_Bin.png","Shared/WALL_COVER/CVR_012_Plastic_Bin.png","Generic Plastic Bin material/cover shown as an acoustic obstruction, cinematic but functional thumbnail, no branded objects.","art-approved-v2"
"CVR_013_Backpack","WALL_COVER","Containers / Objects","Backpack","UI_01/WALL_COVER/CVR_013_Backpack.png","UI_02/WALL_COVER/CVR_013_Backpack.png","Shared/WALL_COVER/CVR_013_Backpack.png","Generic Backpack material/cover shown as an acoustic obstruction, cinematic but functional thumbnail, no branded objects.","art-approved-v2"
"CVR_014_Suitcase","WALL_COVER","Containers / Objects","Suitcase","UI_01/WALL_COVER/CVR_014_Suitcase.png","UI_02/WALL_COVER/CVR_014_Suitcase.png","Shared/WALL_COVER/CVR_014_Suitcase.png","Generic Suitcase material/cover shown as an acoustic obstruction, cinematic but functional thumbnail, no branded objects.","art-approved-v2"
"CVR_015_Drawer_Cabinet","WALL_COVER","Containers / Objects","Drawer / Cabinet","UI_01/WALL_COVER/CVR_015_Drawer_Cabinet.png","UI_02/WALL_COVER/CVR_015_Drawer_Cabinet.png","Shared/WALL_COVER/CVR_015_Drawer_Cabinet.png","Generic Drawer / Cabinet material/cover shown as an acoustic obstruction, cinematic but functional thumbnail, no branded objects.","art-approved-v2"
"CVR_016_Under_Desk","WALL_COVER","Containers / Objects","Under Desk","UI_01/WALL_COVER/CVR_016_Under_Desk.png","UI_02/WALL_COVER/CVR_016_Under_Desk.png","Shared/WALL_COVER/CVR_016_Under_Desk.png","Generic Under Desk material/cover shown as an acoustic obstruction, cinematic but functional thumbnail, no branded objects.","art-approved-v2"
"CVR_017_Car_Glove_Box","WALL_COVER","Vehicle Occlusion","Car Glove Box","UI_01/WALL_COVER/CVR_017_Car_Glove_Box.png","UI_02/WALL_COVER/CVR_017_Car_Glove_Box.png","Shared/WALL_COVER/CVR_017_Car_Glove_Box.png","Generic Car Glove Box material/cover shown as an acoustic obstruction, cinematic but functional thumbnail, no branded objects.","art-approved-v2"
"CVR_018_Car_Trunk","WALL_COVER","Vehicle Occlusion","Car Trunk","UI_01/WALL_COVER/CVR_018_Car_Trunk.png","UI_02/WALL_COVER/CVR_018_Car_Trunk.png","Shared/WALL_COVER/CVR_018_Car_Trunk.png","Generic Car Trunk material/cover shown as an acoustic obstruction, cinematic but functional thumbnail, no branded objects.","art-approved-v2"
"CVR_019_Behind_Car_Seat","WALL_COVER","Vehicle Occlusion","Behind Car Seat","UI_01/WALL_COVER/CVR_019_Behind_Car_Seat.png","UI_02/WALL_COVER/CVR_019_Behind_Car_Seat.png","Shared/WALL_COVER/CVR_019_Behind_Car_Seat.png","Generic Behind Car Seat material/cover shown as an acoustic obstruction, cinematic but functional thumbnail, no branded objects.","art-approved-v2"
"CVR_020_Closed_Car_Window","WALL_COVER","Vehicle Occlusion","Closed Car Window","UI_01/WALL_COVER/CVR_020_Closed_Car_Window.png","UI_02/WALL_COVER/CVR_020_Closed_Car_Window.png","Shared/WALL_COVER/CVR_020_Closed_Car_Window.png","Generic Closed Car Window material/cover shown as an acoustic obstruction, cinematic but functional thumbnail, no branded objects.","art-approved-v2"
"CVR_021_Hollow_Wooden_Door","WALL_COVER","Architectural Barriers","Hollow Wooden Door","UI_01/WALL_COVER/CVR_021_Hollow_Wooden_Door.png","UI_02/WALL_COVER/CVR_021_Hollow_Wooden_Door.png","Shared/WALL_COVER/CVR_021_Hollow_Wooden_Door.png","Generic Hollow Wooden Door material/cover shown as an acoustic obstruction, cinematic but functional thumbnail, no branded objects.","art-approved-v2"
"CVR_022_Solid_Wooden_Door","WALL_COVER","Architectural Barriers","Solid Wooden Door","UI_01/WALL_COVER/CVR_022_Solid_Wooden_Door.png","UI_02/WALL_COVER/CVR_022_Solid_Wooden_Door.png","Shared/WALL_COVER/CVR_022_Solid_Wooden_Door.png","Generic Solid Wooden Door material/cover shown as an acoustic obstruction, cinematic but functional thumbnail, no branded objects.","art-approved-v2"
"CVR_023_Office_Drywall","WALL_COVER","Architectural Barriers","Office Drywall","UI_01/WALL_COVER/CVR_023_Office_Drywall.png","UI_02/WALL_COVER/CVR_023_Office_Drywall.png","Shared/WALL_COVER/CVR_023_Office_Drywall.png","Generic Office Drywall material/cover shown as an acoustic obstruction, cinematic but functional thumbnail, no branded objects.","art-approved-v2"
"CVR_024_Apartment_Thin_Wall","WALL_COVER","Architectural Barriers","Apartment Thin Wall","UI_01/WALL_COVER/CVR_024_Apartment_Thin_Wall.png","UI_02/WALL_COVER/CVR_024_Apartment_Thin_Wall.png","Shared/WALL_COVER/CVR_024_Apartment_Thin_Wall.png","Generic Apartment Thin Wall material/cover shown as an acoustic obstruction, cinematic but functional thumbnail, no branded objects.","art-approved-v2"
"CVR_025_Brick_Wall","WALL_COVER","Architectural Barriers","Brick Wall","UI_01/WALL_COVER/CVR_025_Brick_Wall.png","UI_02/WALL_COVER/CVR_025_Brick_Wall.png","Shared/WALL_COVER/CVR_025_Brick_Wall.png","Generic Brick Wall material/cover shown as an acoustic obstruction, cinematic but functional thumbnail, no branded objects.","art-approved-v2"
"CVR_026_Concrete_Wall","WALL_COVER","Architectural Barriers","Concrete Wall","UI_01/WALL_COVER/CVR_026_Concrete_Wall.png","UI_02/WALL_COVER/CVR_026_Concrete_Wall.png","Shared/WALL_COVER/CVR_026_Concrete_Wall.png","Generic Concrete Wall material/cover shown as an acoustic obstruction, cinematic but functional thumbnail, no branded objects.","art-approved-v2"
"CVR_027_Glass_Window","WALL_COVER","Architectural Barriers","Glass Window","UI_01/WALL_COVER/CVR_027_Glass_Window.png","UI_02/WALL_COVER/CVR_027_Glass_Window.png","Shared/WALL_COVER/CVR_027_Glass_Window.png","Generic Glass Window material/cover shown as an acoustic obstruction, cinematic but functional thumbnail, no branded objects.","art-approved-v2"
"CVR_028_Metal_Door","WALL_COVER","Architectural Barriers","Metal Door","UI_01/WALL_COVER/CVR_028_Metal_Door.png","UI_02/WALL_COVER/CVR_028_Metal_Door.png","Shared/WALL_COVER/CVR_028_Metal_Door.png","Generic Metal Door material/cover shown as an acoustic obstruction, cinematic but functional thumbnail, no branded objects.","art-approved-v2"
"CVR_029_Bathroom_Stall_Door","WALL_COVER","Special Covers","Bathroom Stall Door","UI_01/WALL_COVER/CVR_029_Bathroom_Stall_Door.png","UI_02/WALL_COVER/CVR_029_Bathroom_Stall_Door.png","Shared/WALL_COVER/CVR_029_Bathroom_Stall_Door.png","Generic Bathroom Stall Door material/cover shown as an acoustic obstruction, cinematic but functional thumbnail, no branded objects.","art-approved-v2"
"CVR_030_Floor_Ceiling_Above","WALL_COVER","Special Covers","Floor / Ceiling Above","UI_01/WALL_COVER/CVR_030_Floor_Ceiling_Above.png","UI_02/WALL_COVER/CVR_030_Floor_Ceiling_Above.png","Shared/WALL_COVER/CVR_030_Floor_Ceiling_Above.png","Generic Floor / Ceiling Above material/cover shown as an acoustic obstruction, cinematic but functional thumbnail, no branded objects.","art-approved-v2"
"CVR_031_Helmet_Visor_Cover","WALL_COVER","Special Covers","Helmet / Visor Cover","UI_01/WALL_COVER/CVR_031_Helmet_Visor_Cover.png","UI_02/WALL_COVER/CVR_031_Helmet_Visor_Cover.png","Shared/WALL_COVER/CVR_031_Helmet_Visor_Cover.png","Generic Helmet / Visor Cover material/cover shown as an acoustic obstruction, cinematic but functional thumbnail, no branded objects.","art-approved-v2"
"CVR_032_Appliance_Behind_Fridge","WALL_COVER","Special Covers","Appliance / Behind Fridge","UI_01/WALL_COVER/CVR_032_Appliance_Behind_Fridge.png","UI_02/WALL_COVER/CVR_032_Appliance_Behind_Fridge.png","Shared/WALL_COVER/CVR_032_Appliance_Behind_Fridge.png","Generic Appliance / Behind Fridge material/cover shown as an acoustic obstruction, cinematic but functional thumbnail, no branded objects.","art-approved-v2"
"SPC_001_Vocal_Booth","SPACE_ENVIRONMENT","Small Indoor","Vocal Booth","UI_01/SPACE_ENVIRONMENT/SPC_001_Vocal_Booth.png","UI_02/SPACE_ENVIRONMENT/SPC_001_Vocal_Booth.png","Shared/SPACE_ENVIRONMENT/SPC_001_Vocal_Booth.png","Environment thumbnail for Vocal Booth, acoustically legible scene geometry and depth, no people as primary subject unless context requires.","art-approved-v2"
"SPC_002_Bedroom","SPACE_ENVIRONMENT","Small Indoor","Bedroom","UI_01/SPACE_ENVIRONMENT/SPC_002_Bedroom.png","UI_02/SPACE_ENVIRONMENT/SPC_002_Bedroom.png","Shared/SPACE_ENVIRONMENT/SPC_002_Bedroom.png","Environment thumbnail for Bedroom, acoustically legible scene geometry and depth, no people as primary subject unless context requires.","art-approved-v2"
"SPC_003_Bathroom","SPACE_ENVIRONMENT","Small Indoor","Bathroom","UI_01/SPACE_ENVIRONMENT/SPC_003_Bathroom.png","UI_02/SPACE_ENVIRONMENT/SPC_003_Bathroom.png","Shared/SPACE_ENVIRONMENT/SPC_003_Bathroom.png","Environment thumbnail for Bathroom, acoustically legible scene geometry and depth, no people as primary subject unless context requires.","art-approved-v2"
"SPC_004_Kitchen","SPACE_ENVIRONMENT","Small Indoor","Kitchen","UI_01/SPACE_ENVIRONMENT/SPC_004_Kitchen.png","UI_02/SPACE_ENVIRONMENT/SPC_004_Kitchen.png","Shared/SPACE_ENVIRONMENT/SPC_004_Kitchen.png","Environment thumbnail for Kitchen, acoustically legible scene geometry and depth, no people as primary subject unless context requires.","art-approved-v2"
"SPC_005_Living_Room","SPACE_ENVIRONMENT","Small Indoor","Living Room","UI_01/SPACE_ENVIRONMENT/SPC_005_Living_Room.png","UI_02/SPACE_ENVIRONMENT/SPC_005_Living_Room.png","Shared/SPACE_ENVIRONMENT/SPC_005_Living_Room.png","Environment thumbnail for Living Room, acoustically legible scene geometry and depth, no people as primary subject unless context requires.","art-approved-v2"
"SPC_006_Small_Office","SPACE_ENVIRONMENT","Small Indoor","Small Office","UI_01/SPACE_ENVIRONMENT/SPC_006_Small_Office.png","UI_02/SPACE_ENVIRONMENT/SPC_006_Small_Office.png","Shared/SPACE_ENVIRONMENT/SPC_006_Small_Office.png","Environment thumbnail for Small Office, acoustically legible scene geometry and depth, no people as primary subject unless context requires.","art-approved-v2"
"SPC_007_Large_Office","SPACE_ENVIRONMENT","Small Indoor","Large Office","UI_01/SPACE_ENVIRONMENT/SPC_007_Large_Office.png","UI_02/SPACE_ENVIRONMENT/SPC_007_Large_Office.png","Shared/SPACE_ENVIRONMENT/SPC_007_Large_Office.png","Environment thumbnail for Large Office, acoustically legible scene geometry and depth, no people as primary subject unless context requires.","art-approved-v2"
"SPC_008_Conference_Room","SPACE_ENVIRONMENT","Small Indoor","Conference Room","UI_01/SPACE_ENVIRONMENT/SPC_008_Conference_Room.png","UI_02/SPACE_ENVIRONMENT/SPC_008_Conference_Room.png","Shared/SPACE_ENVIRONMENT/SPC_008_Conference_Room.png","Environment thumbnail for Conference Room, acoustically legible scene geometry and depth, no people as primary subject unless context requires.","art-approved-v2"
"SPC_009_Hallway","SPACE_ENVIRONMENT","Small Indoor","Hallway","UI_01/SPACE_ENVIRONMENT/SPC_009_Hallway.png","UI_02/SPACE_ENVIRONMENT/SPC_009_Hallway.png","Shared/SPACE_ENVIRONMENT/SPC_009_Hallway.png","Environment thumbnail for Hallway, acoustically legible scene geometry and depth, no people as primary subject unless context requires.","art-approved-v2"
"SPC_010_Stairwell","SPACE_ENVIRONMENT","Small Indoor","Stairwell","UI_01/SPACE_ENVIRONMENT/SPC_010_Stairwell.png","UI_02/SPACE_ENVIRONMENT/SPC_010_Stairwell.png","Shared/SPACE_ENVIRONMENT/SPC_010_Stairwell.png","Environment thumbnail for Stairwell, acoustically legible scene geometry and depth, no people as primary subject unless context requires.","art-approved-v2"
"SPC_011_Elevator","SPACE_ENVIRONMENT","Small Indoor","Elevator","UI_01/SPACE_ENVIRONMENT/SPC_011_Elevator.png","UI_02/SPACE_ENVIRONMENT/SPC_011_Elevator.png","Shared/SPACE_ENVIRONMENT/SPC_011_Elevator.png","Environment thumbnail for Elevator, acoustically legible scene geometry and depth, no people as primary subject unless context requires.","art-approved-v2"
"SPC_012_Basement","SPACE_ENVIRONMENT","Small Indoor","Basement","UI_01/SPACE_ENVIRONMENT/SPC_012_Basement.png","UI_02/SPACE_ENVIRONMENT/SPC_012_Basement.png","Shared/SPACE_ENVIRONMENT/SPC_012_Basement.png","Environment thumbnail for Basement, acoustically legible scene geometry and depth, no people as primary subject unless context requires.","art-approved-v2"
"SPC_013_Lobby","SPACE_ENVIRONMENT","Public Indoor","Lobby","UI_01/SPACE_ENVIRONMENT/SPC_013_Lobby.png","UI_02/SPACE_ENVIRONMENT/SPC_013_Lobby.png","Shared/SPACE_ENVIRONMENT/SPC_013_Lobby.png","Environment thumbnail for Lobby, acoustically legible scene geometry and depth, no people as primary subject unless context requires.","art-approved-v2"
"SPC_014_Classroom","SPACE_ENVIRONMENT","Public Indoor","Classroom","UI_01/SPACE_ENVIRONMENT/SPC_014_Classroom.png","UI_02/SPACE_ENVIRONMENT/SPC_014_Classroom.png","Shared/SPACE_ENVIRONMENT/SPC_014_Classroom.png","Environment thumbnail for Classroom, acoustically legible scene geometry and depth, no people as primary subject unless context requires.","art-approved-v2"
"SPC_015_Restaurant","SPACE_ENVIRONMENT","Public Indoor","Restaurant","UI_01/SPACE_ENVIRONMENT/SPC_015_Restaurant.png","UI_02/SPACE_ENVIRONMENT/SPC_015_Restaurant.png","Shared/SPACE_ENVIRONMENT/SPC_015_Restaurant.png","Environment thumbnail for Restaurant, acoustically legible scene geometry and depth, no people as primary subject unless context requires.","art-approved-v2"
"SPC_016_Bar_Pub","SPACE_ENVIRONMENT","Public Indoor","Bar / Pub","UI_01/SPACE_ENVIRONMENT/SPC_016_Bar_Pub.png","UI_02/SPACE_ENVIRONMENT/SPC_016_Bar_Pub.png","Shared/SPACE_ENVIRONMENT/SPC_016_Bar_Pub.png","Environment thumbnail for Bar / Pub, acoustically legible scene geometry and depth, no people as primary subject unless context requires.","art-approved-v2"
"SPC_017_Club","SPACE_ENVIRONMENT","Public Indoor","Club","UI_01/SPACE_ENVIRONMENT/SPC_017_Club.png","UI_02/SPACE_ENVIRONMENT/SPC_017_Club.png","Shared/SPACE_ENVIRONMENT/SPC_017_Club.png","Environment thumbnail for Club, acoustically legible scene geometry and depth, no people as primary subject unless context requires.","art-approved-v2"
"SPC_018_Shopping_Mall","SPACE_ENVIRONMENT","Public Indoor","Shopping Mall","UI_01/SPACE_ENVIRONMENT/SPC_018_Shopping_Mall.png","UI_02/SPACE_ENVIRONMENT/SPC_018_Shopping_Mall.png","Shared/SPACE_ENVIRONMENT/SPC_018_Shopping_Mall.png","Environment thumbnail for Shopping Mall, acoustically legible scene geometry and depth, no people as primary subject unless context requires.","art-approved-v2"
"SPC_019_Warehouse","SPACE_ENVIRONMENT","Public Indoor","Warehouse","UI_01/SPACE_ENVIRONMENT/SPC_019_Warehouse.png","UI_02/SPACE_ENVIRONMENT/SPC_019_Warehouse.png","Shared/SPACE_ENVIRONMENT/SPC_019_Warehouse.png","Environment thumbnail for Warehouse, acoustically legible scene geometry and depth, no people as primary subject unless context requires.","art-approved-v2"
"SPC_020_Workshop","SPACE_ENVIRONMENT","Public Indoor","Workshop","UI_01/SPACE_ENVIRONMENT/SPC_020_Workshop.png","UI_02/SPACE_ENVIRONMENT/SPC_020_Workshop.png","Shared/SPACE_ENVIRONMENT/SPC_020_Workshop.png","Environment thumbnail for Workshop, acoustically legible scene geometry and depth, no people as primary subject unless context requires.","art-approved-v2"
"SPC_021_Quiet_Street","SPACE_ENVIRONMENT","Urban Outdoor","Quiet Street","UI_01/SPACE_ENVIRONMENT/SPC_021_Quiet_Street.png","UI_02/SPACE_ENVIRONMENT/SPC_021_Quiet_Street.png","Shared/SPACE_ENVIRONMENT/SPC_021_Quiet_Street.png","Environment thumbnail for Quiet Street, acoustically legible scene geometry and depth, no people as primary subject unless context requires.","art-approved-v2"
"SPC_022_Busy_City_Street","SPACE_ENVIRONMENT","Urban Outdoor","Busy City Street","UI_01/SPACE_ENVIRONMENT/SPC_022_Busy_City_Street.png","UI_02/SPACE_ENVIRONMENT/SPC_022_Busy_City_Street.png","Shared/SPACE_ENVIRONMENT/SPC_022_Busy_City_Street.png","Environment thumbnail for Busy City Street, acoustically legible scene geometry and depth, no people as primary subject unless context requires.","art-approved-v2"
"SPC_023_Alley","SPACE_ENVIRONMENT","Urban Outdoor","Alley","UI_01/SPACE_ENVIRONMENT/SPC_023_Alley.png","UI_02/SPACE_ENVIRONMENT/SPC_023_Alley.png","Shared/SPACE_ENVIRONMENT/SPC_023_Alley.png","Environment thumbnail for Alley, acoustically legible scene geometry and depth, no people as primary subject unless context requires.","art-approved-v2"
"SPC_024_Courtyard","SPACE_ENVIRONMENT","Urban Outdoor","Courtyard","UI_01/SPACE_ENVIRONMENT/SPC_024_Courtyard.png","UI_02/SPACE_ENVIRONMENT/SPC_024_Courtyard.png","Shared/SPACE_ENVIRONMENT/SPC_024_Courtyard.png","Environment thumbnail for Courtyard, acoustically legible scene geometry and depth, no people as primary subject unless context requires.","art-approved-v2"
"SPC_025_Parking_Lot","SPACE_ENVIRONMENT","Urban Outdoor","Parking Lot","UI_01/SPACE_ENVIRONMENT/SPC_025_Parking_Lot.png","UI_02/SPACE_ENVIRONMENT/SPC_025_Parking_Lot.png","Shared/SPACE_ENVIRONMENT/SPC_025_Parking_Lot.png","Environment thumbnail for Parking Lot, acoustically legible scene geometry and depth, no people as primary subject unless context requires.","art-approved-v2"
"SPC_026_Rooftop","SPACE_ENVIRONMENT","Urban Outdoor","Rooftop","UI_01/SPACE_ENVIRONMENT/SPC_026_Rooftop.png","UI_02/SPACE_ENVIRONMENT/SPC_026_Rooftop.png","Shared/SPACE_ENVIRONMENT/SPC_026_Rooftop.png","Environment thumbnail for Rooftop, acoustically legible scene geometry and depth, no people as primary subject unless context requires.","art-approved-v2"
"SPC_027_Bus_Stop","SPACE_ENVIRONMENT","Urban Outdoor","Bus Stop","UI_01/SPACE_ENVIRONMENT/SPC_027_Bus_Stop.png","UI_02/SPACE_ENVIRONMENT/SPC_027_Bus_Stop.png","Shared/SPACE_ENVIRONMENT/SPC_027_Bus_Stop.png","Environment thumbnail for Bus Stop, acoustically legible scene geometry and depth, no people as primary subject unless context requires.","art-approved-v2"
"SPC_028_Train_Platform","SPACE_ENVIRONMENT","Urban Outdoor","Train Platform","UI_01/SPACE_ENVIRONMENT/SPC_028_Train_Platform.png","UI_02/SPACE_ENVIRONMENT/SPC_028_Train_Platform.png","Shared/SPACE_ENVIRONMENT/SPC_028_Train_Platform.png","Environment thumbnail for Train Platform, acoustically legible scene geometry and depth, no people as primary subject unless context requires.","art-approved-v2"
"SPC_029_Station_Concourse","SPACE_ENVIRONMENT","Urban Outdoor","Station Concourse","UI_01/SPACE_ENVIRONMENT/SPC_029_Station_Concourse.png","UI_02/SPACE_ENVIRONMENT/SPC_029_Station_Concourse.png","Shared/SPACE_ENVIRONMENT/SPC_029_Station_Concourse.png","Environment thumbnail for Station Concourse, acoustically legible scene geometry and depth, no people as primary subject unless context requires.","art-approved-v2"
"SPC_030_Airport_Curbside","SPACE_ENVIRONMENT","Urban Outdoor","Airport Curbside","UI_01/SPACE_ENVIRONMENT/SPC_030_Airport_Curbside.png","UI_02/SPACE_ENVIRONMENT/SPC_030_Airport_Curbside.png","Shared/SPACE_ENVIRONMENT/SPC_030_Airport_Curbside.png","Environment thumbnail for Airport Curbside, acoustically legible scene geometry and depth, no people as primary subject unless context requires.","art-approved-v2"
"SPC_031_Construction_Site","SPACE_ENVIRONMENT","Urban Outdoor","Construction Site","UI_01/SPACE_ENVIRONMENT/SPC_031_Construction_Site.png","UI_02/SPACE_ENVIRONMENT/SPC_031_Construction_Site.png","Shared/SPACE_ENVIRONMENT/SPC_031_Construction_Site.png","Environment thumbnail for Construction Site, acoustically legible scene geometry and depth, no people as primary subject unless context requires.","art-approved-v2"
"SPC_032_Stadium_Concourse","SPACE_ENVIRONMENT","Urban Outdoor","Stadium Concourse","UI_01/SPACE_ENVIRONMENT/SPC_032_Stadium_Concourse.png","UI_02/SPACE_ENVIRONMENT/SPC_032_Stadium_Concourse.png","Shared/SPACE_ENVIRONMENT/SPC_032_Stadium_Concourse.png","Environment thumbnail for Stadium Concourse, acoustically legible scene geometry and depth, no people as primary subject unless context requires.","art-approved-v2"
"SPC_033_Stadium_Bowl","SPACE_ENVIRONMENT","Urban Outdoor","Stadium Bowl","UI_01/SPACE_ENVIRONMENT/SPC_033_Stadium_Bowl.png","UI_02/SPACE_ENVIRONMENT/SPC_033_Stadium_Bowl.png","Shared/SPACE_ENVIRONMENT/SPC_033_Stadium_Bowl.png","Environment thumbnail for Stadium Bowl, acoustically legible scene geometry and depth, no people as primary subject unless context requires.","art-approved-v2"
"SPC_034_Tunnel_Underpass","SPACE_ENVIRONMENT","Urban Outdoor","Tunnel / Underpass","UI_01/SPACE_ENVIRONMENT/SPC_034_Tunnel_Underpass.png","UI_02/SPACE_ENVIRONMENT/SPC_034_Tunnel_Underpass.png","Shared/SPACE_ENVIRONMENT/SPC_034_Tunnel_Underpass.png","Environment thumbnail for Tunnel / Underpass, acoustically legible scene geometry and depth, no people as primary subject unless context requires.","art-approved-v2"
"SPC_035_Compact_Car_Interior","SPACE_ENVIRONMENT","Vehicles","Compact Car Interior","UI_01/SPACE_ENVIRONMENT/SPC_035_Compact_Car_Interior.png","UI_02/SPACE_ENVIRONMENT/SPC_035_Compact_Car_Interior.png","Shared/SPACE_ENVIRONMENT/SPC_035_Compact_Car_Interior.png","Environment thumbnail for Compact Car Interior, acoustically legible scene geometry and depth, no people as primary subject unless context requires.","art-approved-v2"
"SPC_036_Sedan_Interior","SPACE_ENVIRONMENT","Vehicles","Sedan Interior","UI_01/SPACE_ENVIRONMENT/SPC_036_Sedan_Interior.png","UI_02/SPACE_ENVIRONMENT/SPC_036_Sedan_Interior.png","Shared/SPACE_ENVIRONMENT/SPC_036_Sedan_Interior.png","Environment thumbnail for Sedan Interior, acoustically legible scene geometry and depth, no people as primary subject unless context requires.","art-approved-v2"
"SPC_037_Van_Interior","SPACE_ENVIRONMENT","Vehicles","Van Interior","UI_01/SPACE_ENVIRONMENT/SPC_037_Van_Interior.png","UI_02/SPACE_ENVIRONMENT/SPC_037_Van_Interior.png","Shared/SPACE_ENVIRONMENT/SPC_037_Van_Interior.png","Environment thumbnail for Van Interior, acoustically legible scene geometry and depth, no people as primary subject unless context requires.","art-approved-v2"
"SPC_038_Truck_Cab","SPACE_ENVIRONMENT","Vehicles","Truck Cab","UI_01/SPACE_ENVIRONMENT/SPC_038_Truck_Cab.png","UI_02/SPACE_ENVIRONMENT/SPC_038_Truck_Cab.png","Shared/SPACE_ENVIRONMENT/SPC_038_Truck_Cab.png","Environment thumbnail for Truck Cab, acoustically legible scene geometry and depth, no people as primary subject unless context requires.","art-approved-v2"
"SPC_039_Bus_Interior","SPACE_ENVIRONMENT","Vehicles","Bus Interior","UI_01/SPACE_ENVIRONMENT/SPC_039_Bus_Interior.png","UI_02/SPACE_ENVIRONMENT/SPC_039_Bus_Interior.png","Shared/SPACE_ENVIRONMENT/SPC_039_Bus_Interior.png","Environment thumbnail for Bus Interior, acoustically legible scene geometry and depth, no people as primary subject unless context requires.","art-approved-v2"
"SPC_040_Train_Carriage","SPACE_ENVIRONMENT","Vehicles","Train Carriage","UI_01/SPACE_ENVIRONMENT/SPC_040_Train_Carriage.png","UI_02/SPACE_ENVIRONMENT/SPC_040_Train_Carriage.png","Shared/SPACE_ENVIRONMENT/SPC_040_Train_Carriage.png","Environment thumbnail for Train Carriage, acoustically legible scene geometry and depth, no people as primary subject unless context requires.","art-approved-v2"
"SPC_041_Subway_Car","SPACE_ENVIRONMENT","Vehicles","Subway Car","UI_01/SPACE_ENVIRONMENT/SPC_041_Subway_Car.png","UI_02/SPACE_ENVIRONMENT/SPC_041_Subway_Car.png","Shared/SPACE_ENVIRONMENT/SPC_041_Subway_Car.png","Environment thumbnail for Subway Car, acoustically legible scene geometry and depth, no people as primary subject unless context requires.","art-approved-v2"
"SPC_042_Airplane_Cabin","SPACE_ENVIRONMENT","Vehicles","Airplane Cabin","UI_01/SPACE_ENVIRONMENT/SPC_042_Airplane_Cabin.png","UI_02/SPACE_ENVIRONMENT/SPC_042_Airplane_Cabin.png","Shared/SPACE_ENVIRONMENT/SPC_042_Airplane_Cabin.png","Environment thumbnail for Airplane Cabin, acoustically legible scene geometry and depth, no people as primary subject unless context requires.","art-approved-v2"
"SPC_043_Helicopter_Cabin","SPACE_ENVIRONMENT","Vehicles","Helicopter Cabin","UI_01/SPACE_ENVIRONMENT/SPC_043_Helicopter_Cabin.png","UI_02/SPACE_ENVIRONMENT/SPC_043_Helicopter_Cabin.png","Shared/SPACE_ENVIRONMENT/SPC_043_Helicopter_Cabin.png","Environment thumbnail for Helicopter Cabin, acoustically legible scene geometry and depth, no people as primary subject unless context requires.","art-approved-v2"
"SPC_044_Ferry_Ship_Interior","SPACE_ENVIRONMENT","Vehicles","Ferry / Ship Interior","UI_01/SPACE_ENVIRONMENT/SPC_044_Ferry_Ship_Interior.png","UI_02/SPACE_ENVIRONMENT/SPC_044_Ferry_Ship_Interior.png","Shared/SPACE_ENVIRONMENT/SPC_044_Ferry_Ship_Interior.png","Environment thumbnail for Ferry / Ship Interior, acoustically legible scene geometry and depth, no people as primary subject unless context requires.","art-approved-v2"
"SPC_045_Open_Field","SPACE_ENVIRONMENT","Nature / Open Air","Open Field","UI_01/SPACE_ENVIRONMENT/SPC_045_Open_Field.png","UI_02/SPACE_ENVIRONMENT/SPC_045_Open_Field.png","Shared/SPACE_ENVIRONMENT/SPC_045_Open_Field.png","Environment thumbnail for Open Field, acoustically legible scene geometry and depth, no people as primary subject unless context requires.","art-approved-v2"
"SPC_046_Forest","SPACE_ENVIRONMENT","Nature / Open Air","Forest","UI_01/SPACE_ENVIRONMENT/SPC_046_Forest.png","UI_02/SPACE_ENVIRONMENT/SPC_046_Forest.png","Shared/SPACE_ENVIRONMENT/SPC_046_Forest.png","Environment thumbnail for Forest, acoustically legible scene geometry and depth, no people as primary subject unless context requires.","art-approved-v2"
"SPC_047_Forest_Trail","SPACE_ENVIRONMENT","Nature / Open Air","Forest Trail","UI_01/SPACE_ENVIRONMENT/SPC_047_Forest_Trail.png","UI_02/SPACE_ENVIRONMENT/SPC_047_Forest_Trail.png","Shared/SPACE_ENVIRONMENT/SPC_047_Forest_Trail.png","Environment thumbnail for Forest Trail, acoustically legible scene geometry and depth, no people as primary subject unless context requires.","art-approved-v2"
"SPC_048_Mountain_Slope","SPACE_ENVIRONMENT","Nature / Open Air","Mountain Slope","UI_01/SPACE_ENVIRONMENT/SPC_048_Mountain_Slope.png","UI_02/SPACE_ENVIRONMENT/SPC_048_Mountain_Slope.png","Shared/SPACE_ENVIRONMENT/SPC_048_Mountain_Slope.png","Environment thumbnail for Mountain Slope, acoustically legible scene geometry and depth, no people as primary subject unless context requires.","art-approved-v2"
"SPC_049_Canyon","SPACE_ENVIRONMENT","Nature / Open Air","Canyon","UI_01/SPACE_ENVIRONMENT/SPC_049_Canyon.png","UI_02/SPACE_ENVIRONMENT/SPC_049_Canyon.png","Shared/SPACE_ENVIRONMENT/SPC_049_Canyon.png","Environment thumbnail for Canyon, acoustically legible scene geometry and depth, no people as primary subject unless context requires.","art-approved-v2"
"SPC_050_Beach","SPACE_ENVIRONMENT","Nature / Open Air","Beach","UI_01/SPACE_ENVIRONMENT/SPC_050_Beach.png","UI_02/SPACE_ENVIRONMENT/SPC_050_Beach.png","Shared/SPACE_ENVIRONMENT/SPC_050_Beach.png","Environment thumbnail for Beach, acoustically legible scene geometry and depth, no people as primary subject unless context requires.","art-approved-v2"
"SPC_051_Seaside_Pier","SPACE_ENVIRONMENT","Nature / Open Air","Seaside Pier","UI_01/SPACE_ENVIRONMENT/SPC_051_Seaside_Pier.png","UI_02/SPACE_ENVIRONMENT/SPC_051_Seaside_Pier.png","Shared/SPACE_ENVIRONMENT/SPC_051_Seaside_Pier.png","Environment thumbnail for Seaside Pier, acoustically legible scene geometry and depth, no people as primary subject unless context requires.","art-approved-v2"
"SPC_052_Campsite","SPACE_ENVIRONMENT","Nature / Open Air","Campsite","UI_01/SPACE_ENVIRONMENT/SPC_052_Campsite.png","UI_02/SPACE_ENVIRONMENT/SPC_052_Campsite.png","Shared/SPACE_ENVIRONMENT/SPC_052_Campsite.png","Environment thumbnail for Campsite, acoustically legible scene geometry and depth, no people as primary subject unless context requires.","art-approved-v2"
"SPC_053_Drive_Thru_Window","SPACE_ENVIRONMENT","Utility / Specialty","Drive-Thru Window","UI_01/SPACE_ENVIRONMENT/SPC_053_Drive_Thru_Window.png","UI_02/SPACE_ENVIRONMENT/SPC_053_Drive_Thru_Window.png","Shared/SPACE_ENVIRONMENT/SPC_053_Drive_Thru_Window.png","Environment thumbnail for Drive-Thru Window, acoustically legible scene geometry and depth, no people as primary subject unless context requires.","art-approved-v2"
"SPC_054_Security_Checkpoint","SPACE_ENVIRONMENT","Utility / Specialty","Security Checkpoint","UI_01/SPACE_ENVIRONMENT/SPC_054_Security_Checkpoint.png","UI_02/SPACE_ENVIRONMENT/SPC_054_Security_Checkpoint.png","Shared/SPACE_ENVIRONMENT/SPC_054_Security_Checkpoint.png","Environment thumbnail for Security Checkpoint, acoustically legible scene geometry and depth, no people as primary subject unless context requires.","art-approved-v2"
"SPC_055_Prison_Visiting_Room","SPACE_ENVIRONMENT","Utility / Specialty","Prison Visiting Room","UI_01/SPACE_ENVIRONMENT/SPC_055_Prison_Visiting_Room.png","UI_02/SPACE_ENVIRONMENT/SPC_055_Prison_Visiting_Room.png","Shared/SPACE_ENVIRONMENT/SPC_055_Prison_Visiting_Room.png","Environment thumbnail for Prison Visiting Room, acoustically legible scene geometry and depth, no people as primary subject unless context requires.","art-approved-v2"
"SPC_056_Phone_Booth","SPACE_ENVIRONMENT","Utility / Specialty","Phone Booth","UI_01/SPACE_ENVIRONMENT/SPC_056_Phone_Booth.png","UI_02/SPACE_ENVIRONMENT/SPC_056_Phone_Booth.png","Shared/SPACE_ENVIRONMENT/SPC_056_Phone_Booth.png","Environment thumbnail for Phone Booth, acoustically legible scene geometry and depth, no people as primary subject unless context requires.","art-approved-v2"
"SCN_001_Mobile_Call_Busy_Sidewalk","SCENE_PRESET_HERO","Phone / Telephony","Mobile Call - Busy Sidewalk","UI_01/SCENE_PRESET_HERO/SCN_001_Mobile_Call_Busy_Sidewalk.png","UI_02/SCENE_PRESET_HERO/SCN_001_Mobile_Call_Busy_Sidewalk.png","Shared/SCENE_PRESET_HERO/SCN_001_Mobile_Call_Busy_Sidewalk.png","Cinematic acoustic-scene hero for Mobile Call - Busy Sidewalk; clearly show source, listener context, obstruction/distance/motion cues where applicable.","art-approved-v2"
"SCN_002_Mobile_Call_Weak_Signal","SCENE_PRESET_HERO","Phone / Telephony","Mobile Call - Weak Signal","UI_01/SCENE_PRESET_HERO/SCN_002_Mobile_Call_Weak_Signal.png","UI_02/SCENE_PRESET_HERO/SCN_002_Mobile_Call_Weak_Signal.png","Shared/SCENE_PRESET_HERO/SCN_002_Mobile_Call_Weak_Signal.png","Cinematic acoustic-scene hero for Mobile Call - Weak Signal; clearly show source, listener context, obstruction/distance/motion cues where applicable.","art-approved-v2"
"SCN_003_Office_Desk_Phone_Small_Office","SCENE_PRESET_HERO","Phone / Telephony","Office Desk Phone - Small Office","UI_01/SCENE_PRESET_HERO/SCN_003_Office_Desk_Phone_Small_Office.png","UI_02/SCENE_PRESET_HERO/SCN_003_Office_Desk_Phone_Small_Office.png","Shared/SCENE_PRESET_HERO/SCN_003_Office_Desk_Phone_Small_Office.png","Cinematic acoustic-scene hero for Office Desk Phone - Small Office; clearly show source, listener context, obstruction/distance/motion cues where applicable.","art-approved-v2"
"SCN_004_Hotel_Phone_Corridor_Spill","SCENE_PRESET_HERO","Phone / Telephony","Hotel Phone - Corridor Spill","UI_01/SCENE_PRESET_HERO/SCN_004_Hotel_Phone_Corridor_Spill.png","UI_02/SCENE_PRESET_HERO/SCN_004_Hotel_Phone_Corridor_Spill.png","Shared/SCENE_PRESET_HERO/SCN_004_Hotel_Phone_Corridor_Spill.png","Cinematic acoustic-scene hero for Hotel Phone - Corridor Spill; clearly show source, listener context, obstruction/distance/motion cues where applicable.","art-approved-v2"
"SCN_005_Prison_Visiting_Phone","SCENE_PRESET_HERO","Phone / Telephony","Prison Visiting Phone","UI_01/SCENE_PRESET_HERO/SCN_005_Prison_Visiting_Phone.png","UI_02/SCENE_PRESET_HERO/SCN_005_Prison_Visiting_Phone.png","Shared/SCENE_PRESET_HERO/SCN_005_Prison_Visiting_Phone.png","Cinematic acoustic-scene hero for Prison Visiting Phone; clearly show source, listener context, obstruction/distance/motion cues where applicable.","art-approved-v2"
"SCN_006_Payphone_Street_Corner","SCENE_PRESET_HERO","Phone / Telephony","Payphone - Street Corner","UI_01/SCENE_PRESET_HERO/SCN_006_Payphone_Street_Corner.png","UI_02/SCENE_PRESET_HERO/SCN_006_Payphone_Street_Corner.png","Shared/SCENE_PRESET_HERO/SCN_006_Payphone_Street_Corner.png","Cinematic acoustic-scene hero for Payphone - Street Corner; clearly show source, listener context, obstruction/distance/motion cues where applicable.","art-approved-v2"
"SCN_007_Conference_Call_Glass_Office","SCENE_PRESET_HERO","Phone / Telephony","Conference Call - Glass Office","UI_01/SCENE_PRESET_HERO/SCN_007_Conference_Call_Glass_Office.png","UI_02/SCENE_PRESET_HERO/SCN_007_Conference_Call_Glass_Office.png","Shared/SCENE_PRESET_HERO/SCN_007_Conference_Call_Glass_Office.png","Cinematic acoustic-scene hero for Conference Call - Glass Office; clearly show source, listener context, obstruction/distance/motion cues where applicable.","art-approved-v2"
"SCN_008_Cordless_Phone_Living_Room","SCENE_PRESET_HERO","Phone / Telephony","Cordless Phone - Living Room","UI_01/SCENE_PRESET_HERO/SCN_008_Cordless_Phone_Living_Room.png","UI_02/SCENE_PRESET_HERO/SCN_008_Cordless_Phone_Living_Room.png","Shared/SCENE_PRESET_HERO/SCN_008_Cordless_Phone_Living_Room.png","Cinematic acoustic-scene hero for Cordless Phone - Living Room; clearly show source, listener context, obstruction/distance/motion cues where applicable.","art-approved-v2"
"SCN_009_Phone_In_Pocket_Busy_Street","SCENE_PRESET_HERO","Phone / Telephony","Phone In Pocket - Busy Street","UI_01/SCENE_PRESET_HERO/SCN_009_Phone_In_Pocket_Busy_Street.png","UI_02/SCENE_PRESET_HERO/SCN_009_Phone_In_Pocket_Busy_Street.png","Shared/SCENE_PRESET_HERO/SCN_009_Phone_In_Pocket_Busy_Street.png","Cinematic acoustic-scene hero for Phone In Pocket - Busy Street; clearly show source, listener context, obstruction/distance/motion cues where applicable.","art-approved-v2"
"SCN_010_Phone_In_Backpack_Station_Concourse","SCENE_PRESET_HERO","Phone / Telephony","Phone In Backpack - Station Concourse","UI_01/SCENE_PRESET_HERO/SCN_010_Phone_In_Backpack_Station_Concourse.png","UI_02/SCENE_PRESET_HERO/SCN_010_Phone_In_Backpack_Station_Concourse.png","Shared/SCENE_PRESET_HERO/SCN_010_Phone_In_Backpack_Station_Concourse.png","Cinematic acoustic-scene hero for Phone In Backpack - Station Concourse; clearly show source, listener context, obstruction/distance/motion cues where applicable.","art-approved-v2"
"SCN_011_Walkie_Talkie_Construction_Site","SCENE_PRESET_HERO","Radio / Comms","Walkie Talkie - Construction Site","UI_01/SCENE_PRESET_HERO/SCN_011_Walkie_Talkie_Construction_Site.png","UI_02/SCENE_PRESET_HERO/SCN_011_Walkie_Talkie_Construction_Site.png","Shared/SCENE_PRESET_HERO/SCN_011_Walkie_Talkie_Construction_Site.png","Cinematic acoustic-scene hero for Walkie Talkie - Construction Site; clearly show source, listener context, obstruction/distance/motion cues where applicable.","art-approved-v2"
"SCN_012_Police_Radio_Street_Exterior","SCENE_PRESET_HERO","Radio / Comms","Police Radio - Street Exterior","UI_01/SCENE_PRESET_HERO/SCN_012_Police_Radio_Street_Exterior.png","UI_02/SCENE_PRESET_HERO/SCN_012_Police_Radio_Street_Exterior.png","Shared/SCENE_PRESET_HERO/SCN_012_Police_Radio_Street_Exterior.png","Cinematic acoustic-scene hero for Police Radio - Street Exterior; clearly show source, listener context, obstruction/distance/motion cues where applicable.","art-approved-v2"
"SCN_013_Dispatch_Radio_Vehicle_Interior","SCENE_PRESET_HERO","Radio / Comms","Dispatch Radio - Vehicle Interior","UI_01/SCENE_PRESET_HERO/SCN_013_Dispatch_Radio_Vehicle_Interior.png","UI_02/SCENE_PRESET_HERO/SCN_013_Dispatch_Radio_Vehicle_Interior.png","Shared/SCENE_PRESET_HERO/SCN_013_Dispatch_Radio_Vehicle_Interior.png","Cinematic acoustic-scene hero for Dispatch Radio - Vehicle Interior; clearly show source, listener context, obstruction/distance/motion cues where applicable.","art-approved-v2"
"SCN_014_Helicopter_Intercom_Clear","SCENE_PRESET_HERO","Radio / Comms","Helicopter Intercom - Clear","UI_01/SCENE_PRESET_HERO/SCN_014_Helicopter_Intercom_Clear.png","UI_02/SCENE_PRESET_HERO/SCN_014_Helicopter_Intercom_Clear.png","Shared/SCENE_PRESET_HERO/SCN_014_Helicopter_Intercom_Clear.png","Cinematic acoustic-scene hero for Helicopter Intercom - Clear; clearly show source, listener context, obstruction/distance/motion cues where applicable.","art-approved-v2"
"SCN_015_Helicopter_Intercom_Half_Understandable","SCENE_PRESET_HERO","Radio / Comms","Helicopter Intercom - Half Understandable","UI_01/SCENE_PRESET_HERO/SCN_015_Helicopter_Intercom_Half_Understandable.png","UI_02/SCENE_PRESET_HERO/SCN_015_Helicopter_Intercom_Half_Understandable.png","Shared/SCENE_PRESET_HERO/SCN_015_Helicopter_Intercom_Half_Understandable.png","Cinematic acoustic-scene hero for Helicopter Intercom - Half Understandable; clearly show source, listener context, obstruction/distance/motion cues where applicable.","art-approved-v2"
"SCN_016_Aviation_Headset_Cockpit_Style","SCENE_PRESET_HERO","Radio / Comms","Aviation Headset - Cockpit Style","UI_01/SCENE_PRESET_HERO/SCN_016_Aviation_Headset_Cockpit_Style.png","UI_02/SCENE_PRESET_HERO/SCN_016_Aviation_Headset_Cockpit_Style.png","Shared/SCENE_PRESET_HERO/SCN_016_Aviation_Headset_Cockpit_Style.png","Cinematic acoustic-scene hero for Aviation Headset - Cockpit Style; clearly show source, listener context, obstruction/distance/motion cues where applicable.","art-approved-v2"
"SCN_017_Security_Intercom_Building_Entrance","SCENE_PRESET_HERO","Radio / Comms","Security Intercom - Building Entrance","UI_01/SCENE_PRESET_HERO/SCN_017_Security_Intercom_Building_Entrance.png","UI_02/SCENE_PRESET_HERO/SCN_017_Security_Intercom_Building_Entrance.png","Shared/SCENE_PRESET_HERO/SCN_017_Security_Intercom_Building_Entrance.png","Cinematic acoustic-scene hero for Security Intercom - Building Entrance; clearly show source, listener context, obstruction/distance/motion cues where applicable.","art-approved-v2"
"SCN_018_Drive_Thru_Speaker_Fast_Food_Lane","SCENE_PRESET_HERO","Radio / Comms","Drive-Thru Speaker - Fast Food Lane","UI_01/SCENE_PRESET_HERO/SCN_018_Drive_Thru_Speaker_Fast_Food_Lane.png","UI_02/SCENE_PRESET_HERO/SCN_018_Drive_Thru_Speaker_Fast_Food_Lane.png","Shared/SCENE_PRESET_HERO/SCN_018_Drive_Thru_Speaker_Fast_Food_Lane.png","Cinematic acoustic-scene hero for Drive-Thru Speaker - Fast Food Lane; clearly show source, listener context, obstruction/distance/motion cues where applicable.","art-approved-v2"
"SCN_019_Radio_In_Back_Office","SCENE_PRESET_HERO","Radio / Comms","Radio In Back Office","UI_01/SCENE_PRESET_HERO/SCN_019_Radio_In_Back_Office.png","UI_02/SCENE_PRESET_HERO/SCN_019_Radio_In_Back_Office.png","Shared/SCENE_PRESET_HERO/SCN_019_Radio_In_Back_Office.png","Cinematic acoustic-scene hero for Radio In Back Office; clearly show source, listener context, obstruction/distance/motion cues where applicable.","art-approved-v2"
"SCN_020_Car_Radio_Out_of_Range","SCENE_PRESET_HERO","Radio / Comms","Car Radio - Out of Range","UI_01/SCENE_PRESET_HERO/SCN_020_Car_Radio_Out_of_Range.png","UI_02/SCENE_PRESET_HERO/SCN_020_Car_Radio_Out_of_Range.png","Shared/SCENE_PRESET_HERO/SCN_020_Car_Radio_Out_of_Range.png","Cinematic acoustic-scene hero for Car Radio - Out of Range; clearly show source, listener context, obstruction/distance/motion cues where applicable.","art-approved-v2"
"SCN_021_Bullhorn_Street_Protest","SCENE_PRESET_HERO","PA / Public Address","Bullhorn - Street Protest","UI_01/SCENE_PRESET_HERO/SCN_021_Bullhorn_Street_Protest.png","UI_02/SCENE_PRESET_HERO/SCN_021_Bullhorn_Street_Protest.png","Shared/SCENE_PRESET_HERO/SCN_021_Bullhorn_Street_Protest.png","Cinematic acoustic-scene hero for Bullhorn - Street Protest; clearly show source, listener context, obstruction/distance/motion cues where applicable.","art-approved-v2"
"SCN_022_Stadium_PA","SCENE_PRESET_HERO","PA / Public Address","Stadium PA","UI_01/SCENE_PRESET_HERO/SCN_022_Stadium_PA.png","UI_02/SCENE_PRESET_HERO/SCN_022_Stadium_PA.png","Shared/SCENE_PRESET_HERO/SCN_022_Stadium_PA.png","Cinematic acoustic-scene hero for Stadium PA; clearly show source, listener context, obstruction/distance/motion cues where applicable.","art-approved-v2"
"SCN_023_Train_Station_Announcement","SCENE_PRESET_HERO","PA / Public Address","Train Station Announcement","UI_01/SCENE_PRESET_HERO/SCN_023_Train_Station_Announcement.png","UI_02/SCENE_PRESET_HERO/SCN_023_Train_Station_Announcement.png","Shared/SCENE_PRESET_HERO/SCN_023_Train_Station_Announcement.png","Cinematic acoustic-scene hero for Train Station Announcement; clearly show source, listener context, obstruction/distance/motion cues where applicable.","art-approved-v2"
"SCN_024_Airport_Gate_Announcement","SCENE_PRESET_HERO","PA / Public Address","Airport Gate Announcement","UI_01/SCENE_PRESET_HERO/SCN_024_Airport_Gate_Announcement.png","UI_02/SCENE_PRESET_HERO/SCN_024_Airport_Gate_Announcement.png","Shared/SCENE_PRESET_HERO/SCN_024_Airport_Gate_Announcement.png","Cinematic acoustic-scene hero for Airport Gate Announcement; clearly show source, listener context, obstruction/distance/motion cues where applicable.","art-approved-v2"
"SCN_025_Ceiling_PA_Shopping_Mall","SCENE_PRESET_HERO","PA / Public Address","Ceiling PA - Shopping Mall","UI_01/SCENE_PRESET_HERO/SCN_025_Ceiling_PA_Shopping_Mall.png","UI_02/SCENE_PRESET_HERO/SCN_025_Ceiling_PA_Shopping_Mall.png","Shared/SCENE_PRESET_HERO/SCN_025_Ceiling_PA_Shopping_Mall.png","Cinematic acoustic-scene hero for Ceiling PA - Shopping Mall; clearly show source, listener context, obstruction/distance/motion cues where applicable.","art-approved-v2"
"SCN_026_Bus_Interior_Announcement","SCENE_PRESET_HERO","PA / Public Address","Bus Interior Announcement","UI_01/SCENE_PRESET_HERO/SCN_026_Bus_Interior_Announcement.png","UI_02/SCENE_PRESET_HERO/SCN_026_Bus_Interior_Announcement.png","Shared/SCENE_PRESET_HERO/SCN_026_Bus_Interior_Announcement.png","Cinematic acoustic-scene hero for Bus Interior Announcement; clearly show source, listener context, obstruction/distance/motion cues where applicable.","art-approved-v2"
"SCN_027_Airplane_Cabin_PA","SCENE_PRESET_HERO","PA / Public Address","Airplane Cabin PA","UI_01/SCENE_PRESET_HERO/SCN_027_Airplane_Cabin_PA.png","UI_02/SCENE_PRESET_HERO/SCN_027_Airplane_Cabin_PA.png","Shared/SCENE_PRESET_HERO/SCN_027_Airplane_Cabin_PA.png","Cinematic acoustic-scene hero for Airplane Cabin PA; clearly show source, listener context, obstruction/distance/motion cues where applicable.","art-approved-v2"
"SCN_028_Captain_Announcement","SCENE_PRESET_HERO","PA / Public Address","Captain Announcement","UI_01/SCENE_PRESET_HERO/SCN_028_Captain_Announcement.png","UI_02/SCENE_PRESET_HERO/SCN_028_Captain_Announcement.png","Shared/SCENE_PRESET_HERO/SCN_028_Captain_Announcement.png","Cinematic acoustic-scene hero for Captain Announcement; clearly show source, listener context, obstruction/distance/motion cues where applicable.","art-approved-v2"
"SCN_029_Upstairs_TV_Through_Wall","SCENE_PRESET_HERO","Through / Behind / Cover","Upstairs TV Through Wall","UI_01/SCENE_PRESET_HERO/SCN_029_Upstairs_TV_Through_Wall.png","UI_02/SCENE_PRESET_HERO/SCN_029_Upstairs_TV_Through_Wall.png","Shared/SCENE_PRESET_HERO/SCN_029_Upstairs_TV_Through_Wall.png","Cinematic acoustic-scene hero for Upstairs TV Through Wall; clearly show source, listener context, obstruction/distance/motion cues where applicable.","art-approved-v2"
"SCN_030_Party_At_The_Neighbors","SCENE_PRESET_HERO","Through / Behind / Cover","Party At The Neighbors","UI_01/SCENE_PRESET_HERO/SCN_030_Party_At_The_Neighbors.png","UI_02/SCENE_PRESET_HERO/SCN_030_Party_At_The_Neighbors.png","Shared/SCENE_PRESET_HERO/SCN_030_Party_At_The_Neighbors.png","Cinematic acoustic-scene hero for Party At The Neighbors; clearly show source, listener context, obstruction/distance/motion cues where applicable.","art-approved-v2"
"SCN_031_Restaurant_Kitchen_Through_Door","SCENE_PRESET_HERO","Through / Behind / Cover","Restaurant Kitchen Through Door","UI_01/SCENE_PRESET_HERO/SCN_031_Restaurant_Kitchen_Through_Door.png","UI_02/SCENE_PRESET_HERO/SCN_031_Restaurant_Kitchen_Through_Door.png","Shared/SCENE_PRESET_HERO/SCN_031_Restaurant_Kitchen_Through_Door.png","Cinematic acoustic-scene hero for Restaurant Kitchen Through Door; clearly show source, listener context, obstruction/distance/motion cues where applicable.","art-approved-v2"
"SCN_032_TV_In_Living_Room_From_Hallway","SCENE_PRESET_HERO","Through / Behind / Cover","TV In Living Room From Hallway","UI_01/SCENE_PRESET_HERO/SCN_032_TV_In_Living_Room_From_Hallway.png","UI_02/SCENE_PRESET_HERO/SCN_032_TV_In_Living_Room_From_Hallway.png","Shared/SCENE_PRESET_HERO/SCN_032_TV_In_Living_Room_From_Hallway.png","Cinematic acoustic-scene hero for TV In Living Room From Hallway; clearly show source, listener context, obstruction/distance/motion cues where applicable.","art-approved-v2"
"SCN_033_Voice_Behind_Closed_Wooden_Door","SCENE_PRESET_HERO","Through / Behind / Cover","Voice Behind Closed Wooden Door","UI_01/SCENE_PRESET_HERO/SCN_033_Voice_Behind_Closed_Wooden_Door.png","UI_02/SCENE_PRESET_HERO/SCN_033_Voice_Behind_Closed_Wooden_Door.png","Shared/SCENE_PRESET_HERO/SCN_033_Voice_Behind_Closed_Wooden_Door.png","Cinematic acoustic-scene hero for Voice Behind Closed Wooden Door; clearly show source, listener context, obstruction/distance/motion cues where applicable.","art-approved-v2"
"SCN_034_Voice_Behind_Glass_Window","SCENE_PRESET_HERO","Through / Behind / Cover","Voice Behind Glass Window","UI_01/SCENE_PRESET_HERO/SCN_034_Voice_Behind_Glass_Window.png","UI_02/SCENE_PRESET_HERO/SCN_034_Voice_Behind_Glass_Window.png","Shared/SCENE_PRESET_HERO/SCN_034_Voice_Behind_Glass_Window.png","Cinematic acoustic-scene hero for Voice Behind Glass Window; clearly show source, listener context, obstruction/distance/motion cues where applicable.","art-approved-v2"
"SCN_035_Phone_Inside_Suitcase","SCENE_PRESET_HERO","Through / Behind / Cover","Phone Inside Suitcase","UI_01/SCENE_PRESET_HERO/SCN_035_Phone_Inside_Suitcase.png","UI_02/SCENE_PRESET_HERO/SCN_035_Phone_Inside_Suitcase.png","Shared/SCENE_PRESET_HERO/SCN_035_Phone_Inside_Suitcase.png","Cinematic acoustic-scene hero for Phone Inside Suitcase; clearly show source, listener context, obstruction/distance/motion cues where applicable.","art-approved-v2"
"SCN_036_Radio_In_Car_Trunk","SCENE_PRESET_HERO","Through / Behind / Cover","Radio In Car Trunk","UI_01/SCENE_PRESET_HERO/SCN_036_Radio_In_Car_Trunk.png","UI_02/SCENE_PRESET_HERO/SCN_036_Radio_In_Car_Trunk.png","Shared/SCENE_PRESET_HERO/SCN_036_Radio_In_Car_Trunk.png","Cinematic acoustic-scene hero for Radio In Car Trunk; clearly show source, listener context, obstruction/distance/motion cues where applicable.","art-approved-v2"
"SCN_037_Car_Pass_By_City_Street","SCENE_PRESET_HERO","Vehicle / Motion","Car Pass By - City Street","UI_01/SCENE_PRESET_HERO/SCN_037_Car_Pass_By_City_Street.png","UI_02/SCENE_PRESET_HERO/SCN_037_Car_Pass_By_City_Street.png","Shared/SCENE_PRESET_HERO/SCN_037_Car_Pass_By_City_Street.png","Cinematic acoustic-scene hero for Car Pass By - City Street; clearly show source, listener context, obstruction/distance/motion cues where applicable.","art-approved-v2"
"SCN_038_Car_Pass_By_Parking_Lot","SCENE_PRESET_HERO","Vehicle / Motion","Car Pass By - Parking Lot","UI_01/SCENE_PRESET_HERO/SCN_038_Car_Pass_By_Parking_Lot.png","UI_02/SCENE_PRESET_HERO/SCN_038_Car_Pass_By_Parking_Lot.png","Shared/SCENE_PRESET_HERO/SCN_038_Car_Pass_By_Parking_Lot.png","Cinematic acoustic-scene hero for Car Pass By - Parking Lot; clearly show source, listener context, obstruction/distance/motion cues where applicable.","art-approved-v2"
"SCN_039_Car_Door_Speaker_Slow_Drive_By","SCENE_PRESET_HERO","Vehicle / Motion","Car Door Speaker - Slow Drive By","UI_01/SCENE_PRESET_HERO/SCN_039_Car_Door_Speaker_Slow_Drive_By.png","UI_02/SCENE_PRESET_HERO/SCN_039_Car_Door_Speaker_Slow_Drive_By.png","Shared/SCENE_PRESET_HERO/SCN_039_Car_Door_Speaker_Slow_Drive_By.png","Cinematic acoustic-scene hero for Car Door Speaker - Slow Drive By; clearly show source, listener context, obstruction/distance/motion cues where applicable.","art-approved-v2"
"SCN_040_Truck_Cab_Radio_Highway_Pull_Away","SCENE_PRESET_HERO","Vehicle / Motion","Truck Cab Radio - Highway Pull Away","UI_01/SCENE_PRESET_HERO/SCN_040_Truck_Cab_Radio_Highway_Pull_Away.png","UI_02/SCENE_PRESET_HERO/SCN_040_Truck_Cab_Radio_Highway_Pull_Away.png","Shared/SCENE_PRESET_HERO/SCN_040_Truck_Cab_Radio_Highway_Pull_Away.png","Cinematic acoustic-scene hero for Truck Cab Radio - Highway Pull Away; clearly show source, listener context, obstruction/distance/motion cues where applicable.","art-approved-v2"
"SCN_041_Subway_Car_Announcement","SCENE_PRESET_HERO","Vehicle / Motion","Subway Car Announcement","UI_01/SCENE_PRESET_HERO/SCN_041_Subway_Car_Announcement.png","UI_02/SCENE_PRESET_HERO/SCN_041_Subway_Car_Announcement.png","Shared/SCENE_PRESET_HERO/SCN_041_Subway_Car_Announcement.png","Cinematic acoustic-scene hero for Subway Car Announcement; clearly show source, listener context, obstruction/distance/motion cues where applicable.","art-approved-v2"
"SCN_042_Bus_PA_Curb_Arrival","SCENE_PRESET_HERO","Vehicle / Motion","Bus PA - Curb Arrival","UI_01/SCENE_PRESET_HERO/SCN_042_Bus_PA_Curb_Arrival.png","UI_02/SCENE_PRESET_HERO/SCN_042_Bus_PA_Curb_Arrival.png","Shared/SCENE_PRESET_HERO/SCN_042_Bus_PA_Curb_Arrival.png","Cinematic acoustic-scene hero for Bus PA - Curb Arrival; clearly show source, listener context, obstruction/distance/motion cues where applicable.","art-approved-v2"
"SCN_043_Cheap_Wireless_Speaker_In_Room","SCENE_PRESET_HERO","Special / Lo-Fi / Consumer","Cheap Wireless Speaker In Room","UI_01/SCENE_PRESET_HERO/SCN_043_Cheap_Wireless_Speaker_In_Room.png","UI_02/SCENE_PRESET_HERO/SCN_043_Cheap_Wireless_Speaker_In_Room.png","Shared/SCENE_PRESET_HERO/SCN_043_Cheap_Wireless_Speaker_In_Room.png","Cinematic acoustic-scene hero for Cheap Wireless Speaker In Room; clearly show source, listener context, obstruction/distance/motion cues where applicable.","art-approved-v2"
"SCN_044_Toy_Recorder_Bedroom","SCENE_PRESET_HERO","Special / Lo-Fi / Consumer","Toy Recorder - Bedroom","UI_01/SCENE_PRESET_HERO/SCN_044_Toy_Recorder_Bedroom.png","UI_02/SCENE_PRESET_HERO/SCN_044_Toy_Recorder_Bedroom.png","Shared/SCENE_PRESET_HERO/SCN_044_Toy_Recorder_Bedroom.png","Cinematic acoustic-scene hero for Toy Recorder - Bedroom; clearly show source, listener context, obstruction/distance/motion cues where applicable.","art-approved-v2"
"SCN_045_CCTV_Security_Monitor_Audio","SCENE_PRESET_HERO","Special / Lo-Fi / Consumer","CCTV / Security Monitor Audio","UI_01/SCENE_PRESET_HERO/SCN_045_CCTV_Security_Monitor_Audio.png","UI_02/SCENE_PRESET_HERO/SCN_045_CCTV_Security_Monitor_Audio.png","Shared/SCENE_PRESET_HERO/SCN_045_CCTV_Security_Monitor_Audio.png","Cinematic acoustic-scene hero for CCTV / Security Monitor Audio; clearly show source, listener context, obstruction/distance/motion cues where applicable.","art-approved-v2"
"SCN_046_Cassette_Recorder_Kitchen_Table","SCENE_PRESET_HERO","Special / Lo-Fi / Consumer","Cassette Recorder - Kitchen Table","UI_01/SCENE_PRESET_HERO/SCN_046_Cassette_Recorder_Kitchen_Table.png","UI_02/SCENE_PRESET_HERO/SCN_046_Cassette_Recorder_Kitchen_Table.png","Shared/SCENE_PRESET_HERO/SCN_046_Cassette_Recorder_Kitchen_Table.png","Cinematic acoustic-scene hero for Cassette Recorder - Kitchen Table; clearly show source, listener context, obstruction/distance/motion cues where applicable.","art-approved-v2"
"SCN_047_Vintage_Radio_Living_Room","SCENE_PRESET_HERO","Special / Lo-Fi / Consumer","Vintage Radio - Living Room","UI_01/SCENE_PRESET_HERO/SCN_047_Vintage_Radio_Living_Room.png","UI_02/SCENE_PRESET_HERO/SCN_047_Vintage_Radio_Living_Room.png","Shared/SCENE_PRESET_HERO/SCN_047_Vintage_Radio_Living_Room.png","Cinematic acoustic-scene hero for Vintage Radio - Living Room; clearly show source, listener context, obstruction/distance/motion cues where applicable.","art-approved-v2"
"SCN_048_Small_Guitar_Combo_Garage_Room","SCENE_PRESET_HERO","Special / Lo-Fi / Consumer","Small Guitar Combo - Garage Room","UI_01/SCENE_PRESET_HERO/SCN_048_Small_Guitar_Combo_Garage_Room.png","UI_02/SCENE_PRESET_HERO/SCN_048_Small_Guitar_Combo_Garage_Room.png","Shared/SCENE_PRESET_HERO/SCN_048_Small_Guitar_Combo_Garage_Room.png","Cinematic acoustic-scene hero for Small Guitar Combo - Garage Room; clearly show source, listener context, obstruction/distance/motion cues where applicable.","art-approved-v2"
